id,FlightDate,RollNumber,State,City,RangeFrom,RangeTo,NumberOfFrames
1,2002-04-04,HM-2002-USA-5000,AL,Auburn,0093,0247,155
2,2002-02-23,HM-2002-USA-1004,AL,Mobile,0241,0448,208
3,2002-02-23,HM-2002-USA-1005,AL,Mobile,0001,0450,450
4,2002-02-23,HM-2002-USA-1006,AL,Mobile,0001,0263,263
5,2002-02-24,HM-2002-USA-1006,AL,Mobile,0268,0448,181
6,2002-02-24,HM-2002-USA-1007,AL,Mobile,0001,0142,142
7,2002-04-04,HM-2002-USA-5000,AL,Montgomery,0003,0092,90
8,2002-04-05,HM-2002-USA-5000,AL,Montgomery,0252,0325,74
9,2002-04-05,HM-2002-USA-5000,AL,Montgomery,0331,0435,105
10,2002-04-05,HM-2002-USA-5001,AL,Montgomery,0001,0247,247
11,2002-08-12,HM-2002-USA-1078,AZ,Phoenix,3,440,438
12,2002-08-12,HM-2002-USA-1079,AZ,Phoenix,1,256,256
13,2002-08-12,HM-2002-USA-1079,AZ,Phoenix,261,441,181
14,2002-08-13,HM-2002-USA-1080,AZ,Phoenix,1,445,445
15,2002-08-13,HM-2002-USA-1081,AZ,Phoenix,1,115,115
16,2002-08-13,HM-2002-USA-1081,AZ,Phoenix,120,162,43
17,2002-08-13,HM-2002-USA-1081,AZ,Phoenix,166,431,266
18,2002-08-13,HM-2002-USA-1082,AZ,Phoenix,1,445,445
19,2002-08-14,HM-2002-USA-1083,AZ,Phoenix,5,358,354
20,2002-08-15,HM-2002-USA-1083,AZ,Phoenix,363,443,81
21,2002-08-15,HM-2002-USA-1084,AZ,Phoenix,1,445,445
22,2002-08-15,HM-2002-USA-1085,AZ,Phoenix,1,14,14
23,2002-08-16,HM-2002-USA-1085,AZ,Phoenix,25,414,390
24,2002-08-16,HM-2002-USA-1086,AZ,Phoenix,1,412,412
25,2002-08-22,HM-2002-USA-1087,AZ,Phoenix,5,443,439
26,2002-08-22,HM-2002-USA-1088,AZ,Phoenix,1,196,196
27,2002-08-22,HM-2002-USA-1088,AZ,Phoenix,201,434,234
28,2002-08-22,HM-2002-USA-1089,AZ,Phoenix,1,111,111
29,2002-08-23,HM-2002-USA-1089,AZ,Phoenix,116,444,329
30,2002-08-23,HM-2002-USA-1090,AZ,Phoenix,1,218,218
31,2002-08-23,HM-2002-USA-1090,AZ,Phoenix,223,435,213
32,2002-08-23,HM-2002-USA-1091,AZ,Phoenix,1,443,443
33,2002-06-24,HM-2002-USA-1023,AZ,Tucson,378,439,62
34,2002-06-24,HM-2002-USA-1024,AZ,Tucson,1,445,445
35,2002-06-24,HM-2002-USA-1025,AZ,Tucson,1,445,445
36,2002-06-24,HM-2002-USA-1026,AZ,Tucson,1,51,51
37,2002-06-24,HM-2002-USA-1026,AZ,Tucson,65,443,379
38,2002-06-25,HM-2002-USA-1027,AZ,Tucson,1,445,445
39,2002-06-25,HM-2002-USA-1028,AZ,Tucson,1,80,80
40,2002-06-28,HM-2002-USA-1028,AZ,Tucson,85,182,98
41,2002-06-30,HM-2002-USA-1028,AZ,Tucson,187,444,258
42,2002-06-30,HM-2002-USA-1029,AZ,Tucson,1,445,445
43,2002-06-30,HM-2002-USA-1030,AZ,Tucson,1,105,105
44,2002-07-03,HM-2002-USA-1524,CA,Bakersfield,3,383,381
45,2002-07-03,HM-2002-USA-1524,CA,Bakersfield,386,448,63
46,2002-07-07,HM-2002-USA-1529,CA,Bakersfield,95,435,341
47,2002-07-07,HM-2002-USA-1530,CA,Bakersfield,1,31,31
48,2002-06-21,HM-2002-USA-1523,CA,Fresno,89,232,144
49,2002-06-21,HM-2002-USA-1523,CA,Fresno,233,424,192
50,2002-06-22,HM-2002-USA-4033,CA,Fresno,195,419,225
51,2002-06-22,HM-2002-USA-4034,CA,Fresno,1,403,403
52,2002-06-22,HM-2002-USA-4034,CA,Fresno,408,444,37
53,2002-06-22,HM-2002-USA-4035,CA,Fresno,1,15,15
54,2002-06-22,HM-2002-USA-4035,CA,Fresno,20,25,6
55,2002-06-22,HM-2002-USA-4035,CA,Fresno,26,260,235
56,2002-06-23,HM-2002-USA-4035,CA,Fresno,265,360,96
57,2002-06-21,HM-2002-USA-1522,CA,Merced,265,440,176
58,2002-06-21,HM-2002-USA-1523,CA,Merced,1,88,88
59,2002-07-08,HM-2002-USA-1040,CA,Modesto,160,438,279
60,2002-07-08,HM-2002-USA-1041,CA,Modesto,1,253,253
61,2002-07-01,HM-2002-USA-1032,CA,Oakland,32,443,412
62,2002-07-04,HM-2002-USA-1033,CA,Oakland,1,440,440
63,2002-07-04,HM-2002-USA-1034,CA,Oakland,1,196,196
64,2002-07-05,HM-2002-USA-1034,CA,Oakland,199,438,240
65,2002-07-05,HM-2002-USA-1035,CA,Oakland,1,440,440
66,2002-07-05,HM-2002-USA-1036,CA,Oakland,1,438,438
67,2002-07-05,HM-2002-USA-1037,CA,Oakland,3,380,378
68,2002-07-05,HM-2002-USA-1037,CA,Oakland,386,438,53
69,2002-07-07,HM-2002-USA-1038,CA,Oakland,6,374,369
70,2002-07-07,HM-2002-USA-1038,CA,Oakland,381,436,56
71,2002-07-07,HM-2002-USA-1039,CA,Oakland,1,268,268
72,2002-07-07,HM-2002-USA-1040,CA,Oakland,1,155,155
73,2002-07-08,HM-2002-USA-1041,CA,Oakland,254,389,136
74,2002-06-19,HM-2002-USA-1517,CA,Oakland,319,438,120
75,2002-06-19,HM-2002-USA-1518,CA,Oakland,1,447,447
76,2002-06-19,HM-2002-USA-1519,CA,Oakland,1,166,166
77,2002-06-19,HM-2002-USA-1519,CA,Oakland,171,255,85
78,2002-06-19,HM-2002-USA-1519,CA,Oakland,260,445,186
79,2002-06-19,HM-2002-USA-1520,CA,Oakland,1,150,150
80,2002-07-04,HM-2002-USA-1525,CA,Oakland,3,444,442
81,2002-07-04,HM-2002-USA-1526,CA,Oakland,1,88,88
82,2002-07-05,HM-2002-USA-1526,CA,Oakland,93,168,76
83,2002-07-05,HM-2002-USA-1526,CA,Oakland,171,442,272
84,2002-07-05,HM-2002-USA-1527,CA,Oakland,1,238,238
85,2002-07-05,HM-2002-USA-1527,CA,Oakland,242,443,202
86,2002-07-05,HM-2002-USA-1528,CA,Oakland,1,244,244
87,2002-07-05,HM-2002-USA-1528,CA,Oakland,250,442,193
88,2002-06-19,HM-2002-USA-4029,CA,Oakland,211,440,230
89,2002-06-19,HM-2002-USA-4030,CA,Oakland,2,370,369
90,2002-06-19,HM-2002-USA-4030,CA,Oakland,375,444,70
91,2002-06-19,HM-2002-USA-4031,CA,Oakland,1,209,209
92,2002-08-31,HM-2002-USA-1101,CA,Sacramento,3,37,35
93,2002-06-11,HM-2002-USA-1502,CA,Sacramento,66,443,378
94,2002-06-11,HM-2002-USA-1503,CA,Sacramento,1,445,445
95,2002-06-11,HM-2002-USA-1504,CA,Sacramento,1,281,281
96,2002-06-12,HM-2002-USA-1504,CA,Sacramento,286,441,156
97,2002-06-12,HM-2002-USA-1505,CA,Sacramento,1,444,444
98,2002-06-12,HM-2002-USA-1506,CA,Sacramento,1,379,379
99,2002-06-12,HM-2002-USA-1506,CA,Sacramento,384,441,58
100,2002-06-12,HM-2002-USA-1507,CA,Sacramento,1,293,293
101,2002-06-13,HM-2002-USA-1507,CA,Sacramento,298,442,145
102,2002-06-13,HM-2002-USA-1508,CA,Sacramento,1,443,443
103,2002-06-13,HM-2002-USA-1509,CA,Sacramento,1,367,367
104,2002-06-13,HM-2002-USA-1509,CA,Sacramento,372,446,75
105,2002-06-13,HM-2002-USA-1510,CA,Sacramento,1,316,316
106,2002-06-14,HM-2002-USA-1510,CA,Sacramento,321,441,121
107,2002-06-14,HM-2002-USA-1511,CA,Sacramento,1,50,50
108,2002-06-14,HM-2002-USA-1511,CA,Sacramento,53,277,225
109,2002-06-14,HM-2002-USA-1511,CA,Sacramento,282,438,157
110,2002-06-14,HM-2002-USA-1512,CA,Sacramento,1,275,275
111,2002-06-15,HM-2002-USA-1512,CA,Sacramento,280,453,174
112,2002-06-15,HM-2002-USA-1513,CA,Sacramento,1,440,440
113,2002-06-15,HM-2002-USA-1514,CA,Sacramento,1,110,110
114,2002-06-15,HM-2002-USA-1514,CA,Sacramento,120,369,250
115,2002-06-15,HM-2002-USA-1514,CA,Sacramento,374,438,65
116,2002-06-15,HM-2002-USA-1515,CA,Sacramento,1,299,299
117,2002-06-16,HM-2002-USA-1515,CA,Sacramento,304,439,136
118,2002-06-16,HM-2002-USA-1516,CA,Sacramento,1,428,428
119,2002-06-17,HM-2002-USA-1517,CA,Sacramento,1,314,314
120,2002-07-01,HM-2002-USA-1030,CA,"Santa Rosa",110,443,334
121,2002-07-01,HM-2002-USA-1031,CA,"Santa Rosa",1,443,443
122,2002-07-01,HM-2002-USA-1032,CA,"Santa Rosa",1,27,27
123,2002-08-31,HM-2002-USA-1101,CA,"Santa Rosa",42,152,111
124,2002-06-20,HM-2002-USA-1520,CA,"Santa Rosa",215,439,225
125,2002-06-20,HM-2002-USA-1521,CA,"Santa Rosa",2,279,278
126,2002-06-20,HM-2002-USA-1521,CA,"Santa Rosa",284,442,159
127,2002-06-20,HM-2002-USA-1522,CA,"Santa Rosa",1,260,260
128,2002-06-20,HM-2002-USA-4031,CA,"Santa Rosa",214,439,226
129,2002-06-20,HM-2002-USA-4032,CA,"Santa Rosa",1,362,362
130,2002-06-20,HM-2002-USA-4032,CA,"Santa Rosa",367,444,78
131,2002-06-25,HM-2002-USA-4038,CA,Stockton,26,255,230
132,2002-06-25,HM-2002-USA-4038,CA,Stockton,289,426,138
133,2002-06-26,HM-2002-USA-4039,CA,Stockton,50,141,92
134,2002-06-27,HM-2002-USA-4039,CA,Stockton,148,334,187
135,2002-06-23,HM-2002-USA-4035,CA,Visalia,361,435,75
136,2002-06-23,HM-2002-USA-4036,CA,Visalia,1,100,100
137,2002-06-23,HM-2002-USA-4036,CA,Visalia,105,129,25
138,2002-06-23,HM-2002-USA-4036,CA,Visalia,134,308,175
139,2002-06-23,HM-2002-USA-4036,CA,Visalia,315,375,61
140,2002-06-24,HM-2002-USA-4036,CA,"Yuba City",380,425,46
141,2002-06-24,HM-2002-USA-4037,CA,"Yuba City",1,253,253
142,2002-06-24,HM-2002-USA-4037,CA,"Yuba City",255,262,8
143,2002-08-25,HM-2002-USA-1092,CO,Denver,3,445,443
144,2002-08-25,HM-2002-USA-1093,CO,Denver,1,445,445
145,2002-08-25,HM-2002-USA-1094,CO,Denver,1,153,153
146,2002-08-26,HM-2002-USA-1094,CO,Denver,158,443,286
147,2002-08-26,HM-2002-USA-1095,CO,Denver,1,445,445
148,2002-08-26,HM-2002-USA-1096,CO,Denver,1,414,414
149,2002-08-26,HM-2002-USA-1097,CO,Denver,1,40,40
150,2002-09-02,HM-2002-USA-1101,CO,Denver,238,439,202
151,2002-09-02,HM-2002-USA-1102,CO,Denver,1,425,425
152,2002-09-02,HM-2002-USA-1104,CO,Denver,1,302,302
153,2002-10-11,HM-2002-USA-1114,CO,Denver,162,268,107
154,2002-10-11,HM-2002-USA-1114,CO,Denver,285,356,72
155,2002-11-12,HM-2002-USA-1123,CO,Denver,3,75,73
156,2002-08-11,HM-2002-USA-1534,CO,Denver,326,402,77
157,2002-08-11,HM-2002-USA-1535,CO,Denver,3,82,80
158,2002-09-14,HM-2002-USA-1553,CO,Denver,245,396,152
159,2002-09-14,HM-2002-USA-1553,CO,Denver,403,443,41
160,2002-09-14,HM-2002-USA-1554,CO,Denver,1,164,164
161,2002-08-11,HM-2002-USA-5019,CO,Denver,361,441,81
162,2002-08-13,HM-2002-USA-5020,CO,Denver,3,126,124
163,2002-08-13,HM-2002-USA-5021,CO,Denver,1,22,22
164,2002-08-14,HM-2002-USA-5021,CO,Denver,29,442,414
165,2002-08-14,HM-2002-USA-5022,CO,Denver,1,444,444
166,2002-08-14,HM-2002-USA-5023,CO,Denver,1,443,443
167,2002-08-14,HM-2002-USA-5024,CO,Denver,1,413,413
168,2002-08-17,HM-2002-USA-5024,CO,Denver,420,439,20
169,2002-08-17,HM-2002-USA-5025,CO,Denver,1,446,446
170,2002-08-17,HM-2002-USA-5026,CO,Denver,1,83,83
171,2002-06-16,HM-2002-USA-1023,FL,Jacksonville,229,373,145
172,2002-04-07,HM-2002-USA-5001,FL,Jacksonville,0307,0427,121
173,2002-04-07,HM-2002-USA-5002,FL,Jacksonville,0001,0036,36
174,2002-04-09,HM-2002-USA-5002,FL,Jacksonville,0402,0433,32
175,2002-03-14,HM-2002-USA-1007,FL,Miami,0147,0448,302
176,2002-03-14,HM-2002-USA-1008,FL,Miami,0001,0140,140
177,2002-11-07,HM-2002-USA-4060,FL,Miami,3,170,168
178,2002-11-07,HM-2002-USA-4060,FL,Miami,171,251,81
179,NULL,HM-2002-USA-1015,FL,Orlando,0003,0245,243
180,2002-03-15,HM-2002-USA-1008,FL,Tampa,0145,0324,180
181,2002-03-15,HM-2002-USA-1008,FL,Tampa,0329,0446,118
182,2002-02-16,HM-2002-USA-1009,FL,Tampa,0111,0440,330
183,2002-03-15,HM-2002-USA-1009,FL,Tampa,0001,0106,106
184,2002-03-16,HM-2002-USA-1010,FL,Tampa,0005,0348,344
185,2002-03-17,HM-2002-USA-1010,FL,Tampa,0353,0427,75
186,2002-03-17,HM-2002-USA-1011,FL,Tampa,0001,0450,450
187,2002-03-17,HM-2002-USA-1012,FL,Tampa,0001,0451,451
188,2002-03-17,HM-2002-USA-1013,FL,Tampa,0001,0172,172
189,2002-03-18,HM-2002-USA-1013,FL,Tampa,0177,0448,272
190,2002-03-18,HM-2002-USA-1014,FL,Tampa,0001,0447,447
191,2002-03-19,HM-2002-USA-1015,FL,Tampa,0250,0304,55
192,2002-11-08,HM-2002-USA-4060,FL,Tampa,258,421,164
193,2002-02-09,HM-2002-USA-1000,GA,Athens,0003,0401,399
194,2002-04-07,HM-2002-USA-5002,GA,Augusta,0039,0395,357
195,2002-02-21,HM-2002-USA-1000,GA,Macon,0406,0436,31
196,2002-02-21,HM-2002-USA-1001,GA,Macon,0001,0446,446
197,2002-02-21,HM-2002-USA-1002,GA,Macon,0001,0377,377
198,2002-06-01,HM-2002-USA-1022,IL,Chicago,215,442,228
199,2002-06-01,HM-2002-USA-1023,IL,Chicago,1,66,66
200,2002-06-01,HM-2002-USA-1023,IL,Chicago,79,199,121
201,2002-06-01,HM-2002-USA-1023,IL,Chicago,212,223,12
202,2002-07-31,HM-2002-USA-1075,IL,Chicago,91,306,216
203,2002-08-02,HM-2002-USA-1075,IL,Chicago,311,440,130
204,2002-08-02,HM-2002-USA-1076,IL,Chicago,1,440,440
205,2002-08-02,HM-2002-USA-1077,IL,Chicago,1,93,93
206,2002-06-16,HM-2002-USA-4029,IL,Chicago,3,204,202
207,2002-07-15,HM-2002-USA-4042,IL,Chicago,401,441,41
208,2002-07-23,HM-2002-USA-4043,IL,Chicago,3,449,447
209,2002-07-23,HM-2002-USA-4044-1,IL,Chicago,1,217,217
210,2002-09-04,HM-2002-USA-4049,IL,Chicago,3,43,41
211,2002-09-05,HM-2002-USA-1105,IL,Chicago,15,416,402
212,2002-09-05,HM-2002-USA-1106,IL,Chicago,1,411,411
213,2002-09-06,HM-2002-USA-1107,IL,Chicago,3,441,439
214,2002-09-06,HM-2002-USA-1108,IL,Chicago,1,294,294
215,2002-09-03,HM-2002-USA-4047,IL,Chicago,3,445,443
216,2002-09-03,HM-2002-USA-4048,IL,Chicago,1,445,445
217,2002-09-04,HM-2002-USA-4049,IL,Chicago,44,133,90
218,2002-09-04,HM-2002-USA-4049,IL,Chicago,138,445,308
219,2002-09-04,HM-2002-USA-4050,IL,Chicago,1,150,150
220,2002-09-04,HM-2002-USA-4050,IL,Chicago,152,445,294
221,2002-09-04,HM-2002-USA-4051,IL,Chicago,1,379,379
222,2002-09-05,HM-2002-USA-4051,IL,Chicago,384,445,62
223,2002-09-05,HM-2002-USA-4052,IL,Chicago,1,445,445
224,2002-09-05,HM-2002-USA-4053,IL,Chicago,1,440,440
225,2002-04-16,HM-2002-USA-5005,IL,Chicago,344,362,19
226,2002-04-16,HM-2002-USA-5005,IL,Chicago,388,448,61
227,2002-04-16,HM-2002-USA-5006,IL,Chicago,51,127,77
228,2002-08-06,HM-2002-USA-5014,IL,Chicago,9,96,88
229,2002-08-06,HM-2002-USA-5014,IL,Chicago,99,443,345
230,2002-08-07,HM-2002-USA-5015,IL,Chicago,1,444,444
231,2002-08-07,HM-2002-USA-5016,IL,Chicago,1,116,116
232,2002-08-08,HM-2002-USA-5016,IL,Chicago,121,443,323
233,2002-08-08,HM-2002-USA-5017,IL,Chicago,1,82,82
234,2002-08-08,HM-2002-USA-5017,IL,Chicago,96,121,26
235,2002-08-09,HM-2002-USA-5017,IL,Chicago,128,215,88
236,2002-08-09,HM-2002-USA-5017,IL,Chicago,220,440,221
237,2002-08-09,HM-2002-USA-5018,IL,Chicago,3,444,442
238,2002-08-09,HM-2002-USA-5019,IL,Chicago,1,359,359
239,2002-09-17,HM-2002-USA-1108,IN,"Fort Waine",300,443,144
240,2002-09-17,HM-2002-USA-1109,IN,"Fort Waine",1,48,48
241,2002-09-06,HM-2002-USA-4054,IN,"Fort Waine",3,448,446
242,2002-09-06,HM-2002-USA-4055,IN,"Fort Waine",1,448,448
243,2002-09-06,HM-2002-USA-4056,IN,"Fort Waine",1,291,291
244,2002-09-03,HM-2002-USA-5026,KS,Wichita,88,430,343
245,2002-09-03,HM-2002-USA-5027,KS,Wichita,3,149,147
246,2002-09-04,HM-2002-USA-5027,KS,Wichita,203,278,76
247,2002-09-04,HM-2002-USA-5027,KS,Wichita,283,436,154
248,2002-09-04,HM-2002-USA-5028,KS,Wichita,1,26,26
249,2002-09-05,HM-2002-USA-5028,KS,Wichita,31,443,413
250,2002-09-05,HM-2002-USA-5029,KS,Wichita,1,32,32
251,2002-05-04,HM-2002-USA-4006,MI,Détroit,0201,0435,235
252,2002-05-04,HM-2002-USA-4007,MI,Détroit,0001,0445,445
253,2002-05-04,HM-2002-USA-4008,MI,Détroit,0001,0434,434
254,2002-05-05,HM-2002-USA-4009,MI,Détroit,3,258,256
255,2002-05-03,HM-2002-USA-4002,MN,Minneapolis,0303,0418,116
256,2002-05-03,HM-2002-USA-4003,MN,Minneapolis,0001,0438,438
257,2002-05-03,HM-2002-USA-4004,MN,Minneapolis,0001,0436,436
258,2002-05-03,HM-2002-USA-4005,MN,Minneapolis,0003,0436,434
259,2002-05-03,HM-2002-USA-4006,MN,Minneapolis,0001,0196,196
260,2002-05-10,HM-2002-USA-4009,MN,Minneapolis,371,435,65
261,2002-05-10,HM-2002-USA-4010,MN,Minneapolis,1,124,124
262,2002-05-14,HM-2002-USA-4010,MN,Minneapolis,129,444,316
263,2002-05-14,HM-2002-USA-4011,MN,Minneapolis,1,447,447
264,2002-05-14,HM-2002-USA-4012,MN,Minneapolis,1,298,298
265,2002-05-14,HM-2002-USA-4012,MN,Minneapolis,304,446,143
266,2002-05-14,HM-2002-USA-4013,MN,Minneapolis,1,97,97
267,2002-05-16,HM-2002-USA-4013,MN,Minneapolis,102,446,345
268,2002-05-16,HM-2002-USA-4014,MN,Minneapolis,1,150,150
269,2002-05-17,HM-2002-USA-4014,MN,Minneapolis,155,225,71
270,2002-05-18,HM-2002-USA-4014,MN,Minneapolis,230,444,215
271,2002-05-18,HM-2002-USA-4015,MN,Minneapolis,1,407,407
272,2002-05-19,HM-2002-USA-4016,MN,Minneapolis,3,448,446
273,2002-05-19,HM-2002-USA-4017,MN,Minneapolis,1,114,114
274,2002-05-20,HM-2002-USA-4017,MN,Minneapolis,117,447,331
275,2002-05-20,HM-2002-USA-4018,MN,Minneapolis,1,453,453
276,2002-05-20,HM-2002-USA-4019,MN,Minneapolis,1,69,69
277,2002-05-21,HM-2002-USA-4019,MN,Minneapolis,76,444,369
278,2002-05-21,HM-2002-USA-4020,MN,Minneapolis,1,449,449
279,2002-05-21,HM-2002-USA-4021,MN,Minneapolis,152,274,123
280,2002-05-21,HM-2002-USA-4021,MN,Minneapolis,279,436,158
281,2002-04-14,HM-2002-USA-5003,MN,Minneapolis,0006,0234,229
282,2002-04-14,HM-2002-USA-5003,MN,Minneapolis,0243,0444,202
283,2002-04-15,HM-2002-USA-5004,MN,Minneapolis,0003,0368,366
284,2002-04-15,HM-2002-USA-5004,MN,Minneapolis,0370,0450,81
285,2002-04-16,HM-2002-USA-5005,MN,Minneapolis,1,339,339
286,2002-04-23,HM-2002-USA-5006,MN,Minneapolis,0132,0372,241
287,2002-04-25,HM-2002-USA-5006,MN,Minneapolis,0377,0446,70
288,2002-04-26,HM-2002-USA-5007,MN,Minneapolis,0389,0444,56
289,2002-04-26,HM-2002-USA-5008,MN,Minneapolis,0001,0450,450
290,2002-04-26,HM-2002-USA-5009,MN,Minneapolis,0001,0147,147
291,2002-04-26,HM-2002-USA-5009,MN,Minneapolis,0149,0334,186
292,2002-04-29,HM-2002-USA-5009,MN,Minneapolis,0339,0448,110
293,2002-04-29,HM-2002-USA-5010,MN,Minneapolis,0001,0365,365
294,2002-04-29,HM-2002-USA-5010,MN,Minneapolis,0382,0448,67
295,2002-05-29,HM-2002-USA-5011,MN,Minneapolis,1,41,41
296,2002-09-06,HM-2002-USA-5029,MO,Saint-Louis,38,432,395
297,2002-09-06,HM-2002-USA-5030,MO,Saint-Louis,1,446,446
298,2002-09-06,HM-2002-USA-5031,MO,Saint-Louis,1,290,290
299,2002-09-07,HM-2002-USA-5031,MO,Saint-Louis,295,444,150
300,2002-09-07,HM-2002-USA-5032,MO,Saint-Louis,1,96,96
301,2002-02-22,HM-2002-USA-1002,NC,Charlotte,0382,0448,67
302,2002-02-22,HM-2002-USA-1003,NC,Charlotte,0001,0450,450
303,2002-02-22,HM-2002-USA-1004,NC,Charlotte,0001,0236,236
304,2002-05-30,HM-2002-USA-1022,NE,Omaha-Lincoln,115,141,27
305,2002-05-30,HM-2002-USA-1022,NE,Omaha-Lincoln,143,152,10
306,2002-09-03,HM-2002-USA-1103,NE,Omaha-Lincoln,1,446,446
307,2002-09-03,HM-2002-USA-1104,NE,Omaha-Lincoln,307,443,137
308,2002-09-20,HM-2002-USA-1109,NE,Omaha-Lincoln,114,436,323
309,2002-09-20,HM-2002-USA-1110,NE,Omaha-Lincoln,1,211,211
310,2002-09-22,HM-2002-USA-1110,NE,Omaha-Lincoln,216,449,234
311,2002-09-22,HM-2002-USA-1111,NE,Omaha-Lincoln,1,451,451
312,2002-09-22,HM-2002-USA-1112,NE,Omaha-Lincoln,1,232,232
313,2002-09-23,HM-2002-USA-1112,NE,Omaha-Lincoln,238,449,212
314,2002-09-23,HM-2002-USA-1113,NE,Omaha-Lincoln,1,451,451
315,2002-09-23,HM-2002-USA-1114,NE,Omaha-Lincoln,1,68,68
316,2002-09-23,HM-2002-USA-1114,NE,Omaha-Lincoln,76,122,47
317,2002-10-05,HM-2002-USA-1114,NE,Omaha-Lincoln,127,157,31
318,2002-09-22,HM-2002-USA-1554,NE,Omaha-Lincoln,341,389,49
319,2002-09-22,HM-2002-USA-1555,NE,Omaha-Lincoln,1,446,446
320,NULL,HM-2002-USA-1556,NE,Omaha-Lincoln,1,227,227
321,2002-09-15,HM-2002-USA-5032,NE,Omaha-Lincoln,200,443,244
322,2002-09-15,HM-2002-USA-5033,NE,Omaha-Lincoln,1,446,446
323,2002-09-15,HM-2002-USA-5034,NE,Omaha-Lincoln,1,327,327
324,2002-10-19,HM-2002-USA-1117,NM,Albuquerque,1,227,227
325,2002-11-07,HM-2002-USA-1121,NM,Albuquerque,398,442,45
326,2002-11-07,HM-2002-USA-1122,NM,Albuquerque,1,60,60
327,2002-06-10,HM-2002-USA-1500,NM,Albuquerque,6,440,435
328,2002-06-10,HM-2002-USA-1501,NM,Albuquerque,1,447,447
329,2002-06-10,HM-2002-USA-1502,NM,Albuquerque,1,61,61
330,2002-04-18,HM-2002-USA-1021,NM,"Santa Fe",0099,0124,26
331,2002-04-18,HM-2002-USA-1021,NM,"Santa Fe",0151,368,218
332,2002-05-27,HM-2002-USA-1022,OH,Cleveland,3,110,108
333,2002-09-17,HM-2002-USA-1109,OH,Cleveland,53,109,57
334,2002-08-09,HM-2002-USA-1533,OH,Cleveland,3,245,243
335,2002-08-09,HM-2002-USA-1533,OH,Cleveland,250,434,185
336,2002-08-09,HM-2002-USA-1534,OH,Cleveland,1,321,321
337,2002-05-22,HM-2002-USA-4022,OH,Cleveland,3,448,446
338,2002-05-22,HM-2002-USA-4023,OH,Cleveland,1,445,445
339,2002-05-22,HM-2002-USA-4024,OH,Cleveland,1,434,434
340,2002-05-23,HM-2002-USA-4025,OH,Cleveland,3,443,441
341,2002-05-23,HM-2002-USA-4026,OH,Cleveland,1,448,448
342,2002-05-23,HM-2002-USA-4027,OH,Cleveland,1,439,439
343,2002-05-23,HM-2002-USA-4028,OH,Cleveland,3,327,325
344,2002-09-08,HM-2002-USA-4056,OH,Cleveland,298,311,14
345,2002-07-15,HM-2002-USA-1056,OR,Eugene,3,182,180
346,2002-07-15,HM-2002-USA-1056,OR,Eugene,187,348,162
347,2002-07-16,HM-2002-USA-1058,OR,Eugene,62,236,175
348,2002-07-09,HM-2002-USA-1041,OR,Portland,394,439,46
349,2002-07-09,HM-2002-USA-1042,OR,Portland,1,440,440
350,2002-07-09,HM-2002-USA-1043,OR,Portland,1,275,275
351,2002-07-09,HM-2002-USA-1043,OR,Portland,277,440,164
352,2002-07-09,HM-2002-USA-1044,OR,Portland,1,438,438
353,2002-07-10,HM-2002-USA-1045,OR,Portland,3,440,438
354,2002-07-10,HM-2002-USA-1046,OR,Portland,1,440,440
355,2002-07-10,HM-2002-USA-1047,OR,Portland,1,438,438
356,2002-07-10,HM-2002-USA-1048,OR,Portland,3,440,438
357,2002-07-10,HM-2002-USA-1049,OR,Portland,1,135,135
358,2002-07-11,HM-2002-USA-1049,OR,Portland,140,438,299
359,2002-07-11,HM-2002-USA-1050,OR,Portland,1,440,440
360,2002-07-11,HM-2002-USA-1051,OR,Portland,1,440,440
361,2002-07-11,HM-2002-USA-1052,OR,Portland,1,95,95
362,2002-07-12,HM-2002-USA-1052,OR,Portland,100,438,339
363,2002-07-12,HM-2002-USA-1053,OR,Portland,1,440,440
364,2002-07-12,HM-2002-USA-1054,OR,Portland,1,440,440
365,2002-07-12,HM-2002-USA-1055,OR,Portland,1,106,106
366,2002-07-12,HM-2002-USA-1055,OR,Portland,111,438,328
367,2002-07-15,HM-2002-USA-1056,OR,Portland,353,440,88
368,2002-07-15,HM-2002-USA-1057,OR,Portland,1,441,441
369,2002-07-16,HM-2002-USA-1058,OR,Portland,3,57,55
370,2002-09-09,HM-2002-USA-4056,PA,Pittsburg,317,423,107
371,2002-09-09,HM-2002-USA-4057,PA,Pittsburg,1,439,439
372,2002-09-09,HM-2002-USA-4058,PA,Pittsburg,1,68,68
373,2002-03-31,HM-2002-USA-1017,TX,"Corpus Christi",0003,0436,434
374,2002-03-31,HM-2002-USA-1018,TX,"Corpus Christi",0001,0138,138
375,2002-04-08,HM-2002-USA-1018,TX,"El Paso",0143,0438,296
376,2002-04-08,HM-2002-USA-1019,TX,"El Paso",0001,0130,130
377,2002-04-09,HM-2002-USA-1019,TX,"El Paso",0135,0309,175
378,2002-04-09,HM-2002-USA-1019,TX,"El Paso",0311,0439,129
379,2002-04-10,HM-2002-USA-1020,TX,"El Paso",0003,0124,122
380,2002-04-11,HM-2002-USA-1020,TX,"El Paso",0129,0239,111
381,2002-04-11,HM-2002-USA-1020,TX,"El Paso",0244,0446,203
382,2002-04-11,HM-2002-USA-1021,TX,"El Paso",0001,0094,94
383,2002-07-27,HM-2002-USA-1067,UT,"Salt Lake City",95,238,144
384,2002-07-27,HM-2002-USA-1067,UT,"Salt Lake City",244,315,72
385,2002-07-27,HM-2002-USA-1067,UT,"Salt Lake City",317,441,125
386,2002-07-28,HM-2002-USA-1068,UT,"Salt Lake City",5,428,424
387,2002-07-28,HM-2002-USA-1069,UT,"Salt Lake City",1,441,441
388,2002-07-28,HM-2002-USA-1070,UT,"Salt Lake City",1,173,173
389,2002-07-28,HM-2002-USA-1070,UT,"Salt Lake City",178,443,266
390,2002-07-29,HM-2002-USA-1071,UT,"Salt Lake City",107,387,281
391,2002-07-29,HM-2002-USA-1071,UT,"Salt Lake City",399,433,35
392,2002-07-29,HM-2002-USA-1072,UT,"Salt Lake City",1,382,382
393,2002-07-29,HM-2002-USA-1072,UT,"Salt Lake City",387,438,52
394,2002-07-29,HM-2002-USA-1073,UT,"Salt Lake City",1,290,290
395,2002-07-30,HM-2002-USA-1073,UT,"Salt Lake City",295,438,144
396,2002-07-30,HM-2002-USA-1074,UT,"Salt Lake City",1,444,444
397,2002-07-30,HM-2002-USA-1075,UT,"Salt Lake City",1,86,86
398,2002-09-01,HM-2002-USA-1101,UT,"Salt Lake City",157,233,77
399,2002-10-12,HM-2002-USA-1114,UT,"Salt Lake City",361,416,56
400,2002-10-12,HM-2002-USA-1115,UT,"Salt Lake City",1,81,81
401,2002-10-12,HM-2002-USA-1115,UT,"Salt Lake City",83,200,118
402,2002-10-13,HM-2002-USA-1115,UT,"Salt Lake City",205,406,202
403,2002-10-14,HM-2002-USA-1115,UT,"Salt Lake City",411,445,35
404,2002-10-14,HM-2002-USA-1116,UT,"Salt Lake City",1,91,91
405,2002-10-16,HM-2002-USA-1116,UT,"Salt Lake City",96,292,197
406,2002-07-20,HM-2002-USA-1058,WA,Seatle,241,380,140
407,2002-07-20,HM-2002-USA-1058,WA,Seatle,385,437,53
408,2002-07-20,HM-2002-USA-1059,WA,Seatle,28,437,410
409,2002-07-21,HM-2002-USA-1060,WA,Seatle,1,415,415
410,2002-07-21,HM-2002-USA-1060,WA,Seatle,420,440,21
411,2002-07-21,HM-2002-USA-1061,WA,Seatle,1,440,440
412,2002-07-21,HM-2002-USA-1062,WA,Seatle,1,440,440
413,2002-07-21,HM-2002-USA-1063,WA,Seatle,1,438,438
414,2002-07-21,HM-2002-USA-1064,WA,Seatle,3,443,441
415,2002-07-21,HM-2002-USA-1065,WA,Seatle,1,170,170
416,2002-07-22,HM-2002-USA-1066,WA,Seatle,3,442,440
417,2002-07-22,HM-2002-USA-1067,WA,Seatle,1,90,90
418,2002-08-28,HM-2002-USA-1097,WA,Seatle,45,433,389
419,2002-08-28,HM-2002-USA-1098,WA,Seatle,1,154,154
420,2002-08-28,HM-2002-USA-1098,WA,Seatle,159,443,285
421,2002-08-28,HM-2002-USA-1099,WA,Seatle,1,443,443
422,2002-08-29,HM-2002-USA-1100,WA,Seatle,3,412,410
423,2002-07-07,HM-2002-USA-1530,WA,Seatle,39,101,63
424,2002-07-20,HM-2002-USA-1530,WA,Seatle,103,312,210
425,2002-07-21,HM-2002-USA-1530,WA,Seatle,317,450,134
426,2002-07-21,HM-2002-USA-1531,WA,Seatle,1,443,443
427,2002-07-21,HM-2002-USA-1532,WA,Seatle,1,329,329
428,2002-08-12,HM-2002-USA-1535,WA,Seatle,88,440,353
429,2002-08-12,HM-2002-USA-1536,WA,Seatle,1,235,235
430,2002-08-13,HM-2002-USA-1536,WA,Seatle,240,453,214
431,2002-08-13,HM-2002-USA-1537,WA,Seatle,1,297,297
432,2002-08-13,HM-2002-USA-1537,WA,Seatle,302,448,147
433,2002-08-13,HM-2002-USA-1538,WA,Seatle,1,452,452
434,2002-08-13,HM-2002-USA-1539,WA,Seatle,1,97,97
435,2002-08-14,HM-2002-USA-1539,WA,Seatle,102,449,348
436,2002-08-14,HM-2002-USA-1540,WA,Seatle,1,237,237
437,2002-08-14,HM-2002-USA-1540,WA,Seatle,247,432,186
438,2002-08-14,HM-2002-USA-1541,WA,Seatle,1,372,372
439,2002-08-15,HM-2002-USA-1541,WA,Seatle,378,444,67
440,2002-08-15,HM-2002-USA-1542,WA,Seatle,1,224,224
441,2002-08-15,HM-2002-USA-1542,WA,Seatle,229,446,218
442,2002-08-15,HM-2002-USA-1543,WA,Seatle,1,451,451
443,2002-08-15,HM-2002-USA-1544,WA,Seatle,1,302,302
444,2002-08-16,HM-2002-USA-1544,WA,Seatle,307,449,143
445,2002-08-16,HM-2002-USA-1545,WA,Seatle,1,447,447
446,2002-08-16,HM-2002-USA-1546,WA,Seatle,1,377,377
447,2002-08-17,HM-2002-USA-1546,WA,Seatle,384,449,66
448,2002-08-17,HM-2002-USA-1547,WA,Seatle,1,428,428
449,2002-08-17,HM-2002-USA-1548,WA,Seatle,1,134,134
450,2002-08-17,HM-2002-USA-1548,WA,Seatle,139,454,316
451,2002-08-17,HM-2002-USA-1549,WA,Seatle,1,432,432
452,2002-09-10,HM-2002-USA-1550,WA,Seatle,1,452,452
453,2002-09-10,HM-2002-USA-1551,WA,Seatle,2,102,101
454,2002-07-12,HM-2002-USA-4040,WA,Seatle,187,339,153
455,2002-07-12,HM-2002-USA-4041,WA,Seatle,1,445,445
456,2002-08-02,HM-2002-USA-4044-2,WA,Seatle,1123,1427,305
457,2002-08-02,HM-2002-USA-4045,WA,Seatle,1,445,445
458,2002-08-02,HM-2002-USA-4046,WA,Seatle,1,443,443
459,2002-09-11,HM-2002-USA-1551,WA,Spokane,107,235,129
460,2002-09-11,HM-2002-USA-1551,WA,Spokane,240,447,208
461,2002-09-11,HM-2002-USA-1552,WA,Spokane,1,301,301
462,2002-09-12,HM-2002-USA-1552,WA,Spokane,306,432,127
463,2002-09-12,HM-2002-USA-1552,WA,Spokane,435,442,8
464,2002-09-12,HM-2002-USA-1553,WA,Spokane,1,240,240
468,NULL,HM-2008-USA-Springfield,OR,Springfield,NULL,NULL,NULL
465,NULL,HM-2008-USA-Springfield,IL,Springfield,NULL,NULL,NULL
466,NULL,HM-2008-USA-Springfield,MA,Springfield,NULL,NULL,NULL
467,NULL,HM-2008-USA-Springfield,MO,Springfield,NULL,NULL,NULL
469,NULL,HM-2000-USA-1042,FL,"West Palm Beach",NULL,NULL,NULL
470,NULL,HM-2000-USA-1093,TN,Nashville-Davidson,NULL,NULL,NULL
471,NULL,HM-2000-USA-1093,NC,Charlotte,NULL,NULL,NULL
472,NULL,HM-2000-USA-1093,NC,Greensboro,NULL,NULL,NULL
473,NULL,HM-1999-USA-1000,CA,Sacramento,NULL,NULL,NULL
475,NULL,HM-1999-USA-1002,CA,Sacramento,NULL,NULL,NULL
474,NULL,HM-1999-USA-1001,CA,Sacramento,NULL,NULL,NULL
476,NULL,HM-1999-USA-1003,CA,Sacramento,NULL,NULL,NULL
477,NULL,HM-1999-USA-1004,CA,Sacramento,NULL,NULL,NULL
478,NULL,HM-1999-USA-1005,CA,Sacramento,NULL,NULL,NULL
479,NULL,HM-1999-USA-1006,CA,Sacramento,NULL,NULL,NULL
480,NULL,HM-1999-USA-1007,CA,Sacramento,NULL,NULL,NULL
481,NULL,HM-1999-USA-1008,NULL,NULL,NULL,NULL,NULL
482,NULL,HM-1999-USA-1008,NULL,NULL,NULL,NULL,NULL
483,NULL,HM-1999-USA-1008,AZ,Tucson,NULL,NULL,NULL
484,NULL,HM-1999-USA-1008,AZ,Phoenix,NULL,NULL,NULL
485,NULL,HM-1999-USA-1009,AZ,Tucson,NULL,NULL,NULL
486,NULL,HM-1999-USA-1009,AZ,Phoenix,NULL,NULL,NULL
487,NULL,HM-1999-USA-1009,CA,Sacramento,NULL,NULL,NULL
488,NULL,HM-1999-USA-1010,AZ,Tucson,NULL,NULL,NULL
489,NULL,HM-1999-USA-1010,AZ,Phoenix,NULL,NULL,NULL
490,NULL,HM-1999-USA-1011,AZ,Tucson,NULL,NULL,NULL
491,NULL,HM-1999-USA-1011,AZ,Phoenix,NULL,NULL,NULL
492,NULL,HM-1999-USA-1012,AZ,Tucson,NULL,NULL,NULL
493,NULL,HM-1999-USA-1012,AZ,Phoenix,NULL,NULL,NULL
494,NULL,HM-1999-USA-1013,AZ,Tucson,NULL,NULL,NULL
495,NULL,HM-1999-USA-1013,AZ,Phoenix,NULL,NULL,NULL
496,NULL,HM-1999-USA-1014,AZ,Tucson,NULL,NULL,NULL
497,NULL,HM-1999-USA-1014,AZ,Phoenix,NULL,NULL,NULL
498,NULL,HM-1999-USA-1015,AZ,Tucson,NULL,NULL,NULL
499,NULL,HM-1999-USA-1015,AZ,Phoenix,NULL,NULL,NULL
500,NULL,HM-1999-USA-1016,AZ,Tucson,NULL,NULL,NULL
501,NULL,HM-1999-USA-1016,NULL,NULL,NULL,NULL,NULL
502,NULL,HM-1999-USA-1016,AZ,Phoenix,NULL,NULL,NULL
503,NULL,HM-1999-USA-1017,AZ,Tucson,NULL,NULL,NULL
504,NULL,HM-1999-USA-1017,AZ,Phoenix,NULL,NULL,NULL
505,NULL,HM-1999-USA-1018,AZ,Tucson,NULL,NULL,NULL
506,NULL,HM-1999-USA-1018,AZ,Phoenix,NULL,NULL,NULL
507,NULL,HM-1999-USA-1019,AZ,Tucson,NULL,NULL,NULL
508,NULL,HM-1999-USA-1019,AZ,Phoenix,NULL,NULL,NULL
509,NULL,HM-1999-USA-1020,AZ,Tucson,NULL,NULL,NULL
510,NULL,HM-1999-USA-1020,AZ,Phoenix,NULL,NULL,NULL
511,NULL,HM-1999-USA-1021,AZ,Tucson,NULL,NULL,NULL
512,NULL,HM-1999-USA-1021,AZ,Phoenix,NULL,NULL,NULL
513,NULL,HM-1999-USA-1021,AZ,Tucson,NULL,NULL,NULL
514,NULL,HM-1999-USA-1021,AZ,Phoenix,NULL,NULL,NULL
515,NULL,HM-1999-USA-1021,NULL,NULL,NULL,NULL,NULL
516,NULL,HM-1999-USA-1022,AZ,Tucson,NULL,NULL,NULL
517,NULL,HM-1999-USA-1022,AZ,Phoenix,NULL,NULL,NULL
518,NULL,HM-1999-USA-1023,AZ,Tucson,NULL,NULL,NULL
519,NULL,HM-1999-USA-1023,AZ,Phoenix,NULL,NULL,NULL
520,NULL,HM-1999-USA-1024,AZ,Tucson,NULL,NULL,NULL
521,NULL,HM-1999-USA-1024,AZ,Phoenix,NULL,NULL,NULL
522,NULL,HM-1999-USA-1025,AZ,Tucson,NULL,NULL,NULL
523,NULL,HM-1999-USA-1025,AZ,Phoenix,NULL,NULL,NULL
524,NULL,HM-1999-USA-1026,AZ,Tucson,NULL,NULL,NULL
525,NULL,HM-1999-USA-1026,AZ,Phoenix,NULL,NULL,NULL
526,NULL,HM-1999-USA-1027,NULL,NULL,NULL,NULL,NULL
527,NULL,HM-1999-USA-1027,AZ,Tucson,NULL,NULL,NULL
528,NULL,HM-1999-USA-1027,AZ,Phoenix,NULL,NULL,NULL
529,NULL,HM-1999-USA-1028,AZ,Tucson,NULL,NULL,NULL
530,NULL,HM-1999-USA-1028,AZ,Phoenix,NULL,NULL,NULL
531,NULL,HM-1999-USA-1029,AZ,Tucson,NULL,NULL,NULL
532,NULL,HM-1999-USA-1029,AZ,Phoenix,NULL,NULL,NULL
533,NULL,HM-1999-USA-1030,AZ,Tucson,NULL,NULL,NULL
534,NULL,HM-1999-USA-1030,AZ,Phoenix,NULL,NULL,NULL
535,NULL,HM-1999-USA-1031,AZ,Tucson,NULL,NULL,NULL
536,NULL,HM-1999-USA-1031,AZ,Phoenix,NULL,NULL,NULL
537,NULL,HM-1999-USA-1032,AZ,Tucson,NULL,NULL,NULL
538,NULL,HM-1999-USA-1032,AZ,Phoenix,NULL,NULL,NULL
539,NULL,HM-1999-USA-1033,AZ,Tucson,NULL,NULL,NULL
540,NULL,HM-1999-USA-1033,AZ,Phoenix,NULL,NULL,NULL
541,NULL,HM-1999-USA-2000,AZ,Tucson,NULL,NULL,NULL
542,NULL,HM-1999-USA-2000,AZ,Phoenix,NULL,NULL,NULL
543,NULL,HM-1999-USA-2001,AZ,Tucson,NULL,NULL,NULL
544,NULL,HM-1999-USA-2001,AZ,Phoenix,NULL,NULL,NULL
545,NULL,HM-1999-USA-2002,AZ,Tucson,NULL,NULL,NULL
546,NULL,HM-1999-USA-2002,AZ,Phoenix,NULL,NULL,NULL
547,NULL,HM-1999-USA-2003,AZ,Tucson,NULL,NULL,NULL
548,NULL,HM-1999-USA-2003,AZ,Phoenix,NULL,NULL,NULL
549,NULL,HM-1999-USA-2004,AZ,Tucson,NULL,NULL,NULL
550,NULL,HM-1999-USA-2004,AZ,Phoenix,NULL,NULL,NULL
551,NULL,HM-1999-USA-2005,AZ,Tucson,NULL,NULL,NULL
552,NULL,HM-1999-USA-2005,AZ,Phoenix,NULL,NULL,NULL
553,NULL,HM-1999-USA-2006,AZ,Tucson,NULL,NULL,NULL
554,NULL,HM-1999-USA-2006,AZ,Phoenix,NULL,NULL,NULL
555,NULL,HM-1999-USA-2007,AZ,Tucson,NULL,NULL,NULL
556,NULL,HM-1999-USA-2007,AZ,Phoenix,NULL,NULL,NULL
1006,NULL,HM-2000-USA-2105,NC,Charlotte,NULL,NULL,NULL
558,NULL,HM-1999-USA-2008,AZ,Tucson,NULL,NULL,NULL
559,NULL,HM-1999-USA-2008,AZ,Phoenix,NULL,NULL,NULL
560,NULL,HM-1999-USA-2009,AZ,Tucson,NULL,NULL,NULL
561,NULL,HM-1999-USA-2009,AZ,Phoenix,NULL,NULL,NULL
562,NULL,HM-2000-USA-1000,AZ,Tucson,NULL,NULL,NULL
563,NULL,HM-2000-USA-1000,AZ,Phoenix,NULL,NULL,NULL
564,NULL,HM-2000-USA-1001,AZ,Tucson,NULL,NULL,NULL
565,NULL,HM-2000-USA-1001,AZ,Phoenix,NULL,NULL,NULL
566,NULL,HM-2000-USA-1002,AZ,Tucson,NULL,NULL,NULL
567,NULL,HM-2000-USA-1002,AZ,Phoenix,NULL,NULL,NULL
568,NULL,HM-2000-USA-1003,AZ,Tucson,NULL,NULL,NULL
569,NULL,HM-2000-USA-1003,AZ,Phoenix,NULL,NULL,NULL
570,NULL,HM-2000-USA-1004,AZ,Tucson,NULL,NULL,NULL
571,NULL,HM-2000-USA-1004,AZ,Phoenix,NULL,NULL,NULL
572,NULL,HM-2000-USA-1005,AZ,Tucson,NULL,NULL,NULL
573,NULL,HM-2000-USA-1005,AZ,Phoenix,NULL,NULL,NULL
574,NULL,HM-2000-USA-1006,AZ,Tucson,NULL,NULL,NULL
575,NULL,HM-2000-USA-1006,AZ,Phoenix,NULL,NULL,NULL
576,NULL,HM-2000-USA-1007,AZ,Tucson,NULL,NULL,NULL
577,NULL,HM-2000-USA-1007,AZ,Phoenix,NULL,NULL,NULL
578,NULL,HM-2000-USA-1008,AZ,Tucson,NULL,NULL,NULL
579,NULL,HM-2000-USA-1008,AZ,Phoenix,NULL,NULL,NULL
580,NULL,HM-2000-USA-1009,AZ,Tucson,NULL,NULL,NULL
581,NULL,HM-2000-USA-1009,AZ,Phoenix,NULL,NULL,NULL
582,NULL,HM-2000-USA-1010,AZ,Tucson,NULL,NULL,NULL
583,NULL,HM-2000-USA-1010,AZ,Phoenix,NULL,NULL,NULL
584,NULL,HM-2000-USA-1011,AZ,Tucson,NULL,NULL,NULL
585,NULL,HM-2000-USA-1011,AZ,Phoenix,NULL,NULL,NULL
586,NULL,HM-2000-USA-1012,AZ,Tucson,NULL,NULL,NULL
587,NULL,HM-2000-USA-1012,AZ,Phoenix,NULL,NULL,NULL
588,NULL,HM-2000-USA-1013,AZ,Tucson,NULL,NULL,NULL
589,NULL,HM-2000-USA-1013,AZ,Phoenix,NULL,NULL,NULL
590,NULL,HM-2000-USA-1014,AZ,Tucson,NULL,NULL,NULL
591,NULL,HM-2000-USA-1014,AZ,Phoenix,NULL,NULL,NULL
592,NULL,HM-2000-USA-1015,AZ,Tucson,NULL,NULL,NULL
593,NULL,HM-2000-USA-1015,AZ,Phoenix,NULL,NULL,NULL
594,NULL,HM-2000-USA-1016,NULL,NULL,NULL,NULL,NULL
595,NULL,HM-2000-USA-1016,AZ,Tucson,NULL,NULL,NULL
596,NULL,HM-2000-USA-1016,AZ,Phoenix,NULL,NULL,NULL
597,NULL,HM-2000-USA-1017,AZ,Tucson,NULL,NULL,NULL
598,NULL,HM-2000-USA-1017,AZ,Phoenix,NULL,NULL,NULL
599,NULL,HM-2000-USA-1018,AZ,Tucson,NULL,NULL,NULL
600,NULL,HM-2000-USA-1018,AZ,Phoenix,NULL,NULL,NULL
601,NULL,HM-2000-USA-1019,AZ,Tucson,NULL,NULL,NULL
602,NULL,HM-2000-USA-1019,AZ,Phoenix,NULL,NULL,NULL
603,NULL,HM-2000-USA-1020,AZ,Tucson,NULL,NULL,NULL
604,NULL,HM-2000-USA-1020,AZ,Phoenix,NULL,NULL,NULL
605,NULL,HM-2000-USA-1021,AZ,Tucson,NULL,NULL,NULL
606,NULL,HM-2000-USA-1021,AZ,Phoenix,NULL,NULL,NULL
607,NULL,HM-2000-USA-1022,AZ,Tucson,NULL,NULL,NULL
608,NULL,HM-2000-USA-1022,AZ,Phoenix,NULL,NULL,NULL
609,NULL,HM-2000-USA-1023,AZ,Tucson,NULL,NULL,NULL
610,NULL,HM-2000-USA-1023,AZ,Phoenix,NULL,NULL,NULL
611,NULL,HM-2000-USA-1024,AZ,Tucson,NULL,NULL,NULL
612,NULL,HM-2000-USA-1024,AZ,Phoenix,NULL,NULL,NULL
613,NULL,HM-2000-USA-1025,AZ,Tucson,NULL,NULL,NULL
614,NULL,HM-2000-USA-1025,AZ,Phoenix,NULL,NULL,NULL
615,NULL,HM-2000-USA-1026,AZ,Tucson,NULL,NULL,NULL
616,NULL,HM-2000-USA-1026,AZ,Phoenix,NULL,NULL,NULL
617,NULL,HM-2000-USA-1027,AZ,Tucson,NULL,NULL,NULL
618,NULL,HM-2000-USA-1027,AZ,Phoenix,NULL,NULL,NULL
619,NULL,HM-2000-USA-1028,AZ,Tucson,NULL,NULL,NULL
620,NULL,HM-2000-USA-1028,AZ,Phoenix,NULL,NULL,NULL
621,NULL,HM-2000-USA-1029,AZ,Tucson,NULL,NULL,NULL
622,NULL,HM-2000-USA-1029,AZ,Phoenix,NULL,NULL,NULL
623,NULL,HM-2000-USA-1030,AZ,Tucson,NULL,NULL,NULL
624,NULL,HM-2000-USA-1030,AZ,Phoenix,NULL,NULL,NULL
625,NULL,HM-2000-USA-1031,AZ,Tucson,NULL,NULL,NULL
626,NULL,HM-2000-USA-1031,AZ,Phoenix,NULL,NULL,NULL
627,NULL,HM-2000-USA-1032,AZ,Tucson,NULL,NULL,NULL
628,NULL,HM-2000-USA-1032,AZ,Phoenix,NULL,NULL,NULL
629,NULL,HM-2000-USA-1033,AZ,Tucson,NULL,NULL,NULL
630,NULL,HM-2000-USA-1033,AZ,Phoenix,NULL,NULL,NULL
631,NULL,HM-2000-USA-1034,AZ,Tucson,NULL,NULL,NULL
632,NULL,HM-2000-USA-1034,AZ,Phoenix,NULL,NULL,NULL
633,NULL,HM-2000-USA-1035,AZ,Tucson,NULL,NULL,NULL
634,NULL,HM-2000-USA-1035,AZ,Phoenix,NULL,NULL,NULL
635,NULL,HM-2000-USA-1035,NULL,NULL,NULL,NULL,NULL
636,NULL,HM-2000-USA-1036,AZ,Tucson,NULL,NULL,NULL
637,NULL,HM-2000-USA-1036,AZ,Phoenix,NULL,NULL,NULL
638,NULL,HM-2000-USA-1037,FL,Miami,NULL,NULL,NULL
639,NULL,HM-2000-USA-1038,FL,Miami,NULL,NULL,NULL
640,NULL,HM-2000-USA-1038,FL,Tampa,NULL,NULL,NULL
641,NULL,HM-2000-USA-1039,FL,Tampa,NULL,NULL,NULL
642,NULL,HM-2000-USA-1040,FL,Tampa,NULL,NULL,NULL
643,NULL,HM-2000-USA-1041,FL,Miami,NULL,NULL,NULL
644,NULL,HM-2000-USA-1041,FL,"West Palm Beach",NULL,NULL,NULL
645,NULL,HM-2000-USA-1042,NULL,NULL,NULL,NULL,NULL
646,NULL,HM-2000-USA-1043,OK,"Oklahoma City",NULL,NULL,NULL
647,NULL,HM-2000-USA-1044,OK,"Oklahoma City",NULL,NULL,NULL
648,NULL,HM-2000-USA-1045,OK,"Oklahoma City",NULL,NULL,NULL
649,NULL,HM-2000-USA-1046,OK,"Oklahoma City",NULL,NULL,NULL
650,NULL,HM-2000-USA-1047,OK,"Oklahoma City",NULL,NULL,NULL
651,NULL,HM-2000-USA-1048,OK,"Oklahoma City",NULL,NULL,NULL
652,NULL,HM-2000-USA-1049,OK,"Oklahoma City",NULL,NULL,NULL
653,NULL,HM-2000-USA-1050,OK,"Oklahoma City",NULL,NULL,NULL
654,NULL,HM-2000-USA-1051,OK,"Oklahoma City",NULL,NULL,NULL
655,NULL,HM-2000-USA-1052,OK,"Oklahoma City",NULL,NULL,NULL
656,NULL,HM-2000-USA-1053,OK,"Oklahoma City",NULL,NULL,NULL
657,NULL,HM-2000-USA-1054,OK,"Oklahoma City",NULL,NULL,NULL
658,NULL,HM-2000-USA-1055,OK,"Oklahoma City",NULL,NULL,NULL
659,NULL,HM-2000-USA-1056,OK,"Oklahoma City",NULL,NULL,NULL
660,NULL,HM-2000-USA-1057,OK,"Oklahoma City",NULL,NULL,NULL
661,NULL,HM-2000-USA-1058,OK,"Oklahoma City",NULL,NULL,NULL
662,NULL,HM-2000-USA-1059,OK,"Oklahoma City",NULL,NULL,NULL
663,NULL,HM-2000-USA-1060,OK,Tulsa,NULL,NULL,NULL
664,NULL,HM-2000-USA-1061,OK,Tulsa,NULL,NULL,NULL
665,NULL,HM-2000-USA-1062,OK,Tulsa,NULL,NULL,NULL
666,NULL,HM-2000-USA-1063,OK,Tulsa,NULL,NULL,NULL
667,NULL,HM-2000-USA-1064,FL,Jacksonville,NULL,NULL,NULL
668,NULL,HM-2000-USA-1065,FL,Jacksonville,NULL,NULL,NULL
669,NULL,HM-2000-USA-1066,FL,Jacksonville,NULL,NULL,NULL
670,NULL,HM-2000-USA-1067,FL,Jacksonville,NULL,NULL,NULL
671,NULL,HM-2000-USA-1068,FL,Tampa,NULL,NULL,NULL
672,NULL,HM-2000-USA-1069,FL,Jacksonville,NULL,NULL,NULL
673,NULL,HM-2000-USA-1070,FL,Jacksonville,NULL,NULL,NULL
674,NULL,HM-2000-USA-1071,FL,Jacksonville,NULL,NULL,NULL
675,NULL,HM-2000-USA-1072,FL,Jacksonville,NULL,NULL,NULL
676,NULL,HM-2000-USA-1073,FL,Jacksonville,NULL,NULL,NULL
677,NULL,HM-2000-USA-1074,FL,Jacksonville,NULL,NULL,NULL
678,NULL,HM-2000-USA-1075,FL,Jacksonville,NULL,NULL,NULL
679,NULL,HM-2000-USA-1075,TN,Memphis,NULL,NULL,NULL
680,NULL,HM-2000-USA-1076,TN,Memphis,NULL,NULL,NULL
681,NULL,HM-2000-USA-1077,TN,Memphis,NULL,NULL,NULL
682,NULL,HM-2000-USA-1078,TN,Memphis,NULL,NULL,NULL
683,NULL,HM-2000-USA-1078,TN,Nashville-Davidson,NULL,NULL,NULL
684,NULL,HM-2000-USA-1079,TN,Memphis,NULL,NULL,NULL
685,NULL,HM-2000-USA-1079,NULL,NULL,NULL,NULL,NULL
686,NULL,HM-2000-USA-1079,TN,Nashville-Davidson,NULL,NULL,NULL
687,NULL,HM-2000-USA-1080,TN,Memphis,NULL,NULL,NULL
688,NULL,HM-2000-USA-1081,TN,Memphis,NULL,NULL,NULL
689,NULL,HM-2000-USA-1082,TN,Memphis,NULL,NULL,NULL
690,NULL,HM-2000-USA-1083,TN,Memphis,NULL,NULL,NULL
691,NULL,HM-2000-USA-1083,TN,Nashville-Davidson,NULL,NULL,NULL
692,NULL,HM-2000-USA-1083,TN,Memphis,NULL,NULL,NULL
693,NULL,HM-2000-USA-1083,TN,Nashville-Davidson,NULL,NULL,NULL
694,NULL,HM-2000-USA-1084,TN,Nashville-Davidson,NULL,NULL,NULL
695,NULL,HM-2000-USA-1085,TN,Nashville-Davidson,NULL,NULL,NULL
696,NULL,HM-2000-USA-1086,TN,Knoxville,NULL,NULL,NULL
697,NULL,HM-2000-USA-1087,TN,Knoxville,NULL,NULL,NULL
698,NULL,HM-2000-USA-1088,AL,Birmingham,NULL,NULL,NULL
699,NULL,HM-2000-USA-1089,AL,Birmingham,NULL,NULL,NULL
700,NULL,HM-2000-USA-1090,AL,Birmingham,NULL,NULL,NULL
701,NULL,HM-2000-USA-1091,TN,Nashville-Davidson,NULL,NULL,NULL
702,NULL,HM-2000-USA-1092,TN,Nashville-Davidson,NULL,NULL,NULL
703,NULL,HM-2000-USA-1094,NC,Charlotte,NULL,NULL,NULL
704,NULL,HM-2000-USA-1094,NC,Greensboro,NULL,NULL,NULL
705,NULL,HM-2000-USA-1095,NC,Charlotte,NULL,NULL,NULL
706,NULL,HM-2000-USA-1095,NC,Greensboro,NULL,NULL,NULL
707,NULL,HM-2000-USA-1096,NC,Charlotte,NULL,NULL,NULL
708,NULL,HM-2000-USA-1096,NC,Greensboro,NULL,NULL,NULL
709,NULL,HM-2000-USA-1096,TN,Nashville-Davidson,NULL,NULL,NULL
710,NULL,HM-2000-USA-1097,TN,Nashville-Davidson,NULL,NULL,NULL
711,NULL,HM-2000-USA-1098,TN,Nashville-Davidson,NULL,NULL,NULL
712,NULL,HM-2000-USA-1099,TN,Knoxville,NULL,NULL,NULL
713,NULL,HM-2000-USA-1100,TN,Knoxville,NULL,NULL,NULL
714,NULL,HM-2000-USA-1101,TN,Knoxville,NULL,NULL,NULL
715,NULL,HM-2000-USA-1102,NC,Raleigh,NULL,NULL,NULL
716,NULL,HM-2000-USA-1102,OK,Tulsa,NULL,NULL,NULL
717,NULL,HM-2000-USA-1103,CA,Sacramento,NULL,NULL,NULL
718,NULL,HM-2000-USA-1104,CA,Sacramento,NULL,NULL,NULL
719,NULL,HM-2000-USA-1105,CA,Sacramento,NULL,NULL,NULL
720,NULL,HM-2000-USA-1106,CA,Sacramento,NULL,NULL,NULL
721,NULL,HM-2000-USA-1107,CA,Sacramento,NULL,NULL,NULL
722,NULL,HM-2000-USA-1108,CA,Sacramento,NULL,NULL,NULL
723,NULL,HM-2000-USA-1109,CA,Sacramento,NULL,NULL,NULL
724,NULL,HM-2000-USA-1109,CA,Oakland,NULL,NULL,NULL
725,NULL,HM-2000-USA-1110,CA,Sacramento,NULL,NULL,NULL
726,NULL,HM-2000-USA-1110,CA,Oakland,NULL,NULL,NULL
727,NULL,HM-2000-USA-1110,NULL,NULL,NULL,NULL,NULL
728,NULL,HM-2000-USA-1111,CA,Oakland,NULL,NULL,NULL
729,NULL,HM-2000-USA-1112,CA,Oakland,NULL,NULL,NULL
730,NULL,HM-2000-USA-1113,CA,Oakland,NULL,NULL,NULL
731,NULL,HM-2000-USA-1114,CA,Oakland,NULL,NULL,NULL
732,NULL,HM-2000-USA-1115,CA,Oakland,NULL,NULL,NULL
733,NULL,HM-2000-USA-1116,CA,Oakland,NULL,NULL,NULL
734,NULL,HM-2000-USA-1117,CA,Oakland,NULL,NULL,NULL
735,NULL,HM-2000-USA-1118,CA,Oakland,NULL,NULL,NULL
736,NULL,HM-2000-USA-1119,CA,Oakland,NULL,NULL,NULL
737,NULL,HM-2000-USA-1120,CA,Oakland,NULL,NULL,NULL
738,NULL,HM-2000-USA-1121,CA,Oakland,NULL,NULL,NULL
739,NULL,HM-2000-USA-1122,CA,Oakland,NULL,NULL,NULL
740,NULL,HM-2000-USA-1123,CA,Oakland,NULL,NULL,NULL
741,NULL,HM-2000-USA-1124,CA,Oakland,NULL,NULL,NULL
742,NULL,HM-2000-USA-1124,CA,"Santa Rosa",NULL,NULL,NULL
743,NULL,HM-2000-USA-1125,CA,"Santa Rosa",NULL,NULL,NULL
744,NULL,HM-2000-USA-1126,CA,"Santa Rosa",NULL,NULL,NULL
745,NULL,HM-2000-USA-1127,CA,"Santa Rosa",NULL,NULL,NULL
746,NULL,HM-2000-USA-1128,CA,"Santa Rosa",NULL,NULL,NULL
747,NULL,HM-2000-USA-1128,OR,Portland,NULL,NULL,NULL
748,NULL,HM-2000-USA-1129,OR,Portland,NULL,NULL,NULL
749,NULL,HM-2000-USA-1130,OR,Portland,NULL,NULL,NULL
750,NULL,HM-2000-USA-1131,OR,Portland,NULL,NULL,NULL
751,NULL,HM-2000-USA-1132,OR,Portland,NULL,NULL,NULL
752,NULL,HM-2000-USA-1133,OR,Portland,NULL,NULL,NULL
753,NULL,HM-2000-USA-1134,OR,Portland,NULL,NULL,NULL
754,NULL,HM-2000-USA-1135,UT,"Salt Lake City",NULL,NULL,NULL
755,NULL,HM-2000-USA-1136,OR,Portland,NULL,NULL,NULL
756,NULL,HM-2000-USA-1136,UT,"Salt Lake City",NULL,NULL,NULL
757,NULL,HM-2000-USA-1137,OR,Portland,NULL,NULL,NULL
758,NULL,HM-2000-USA-1138,OR,Portland,NULL,NULL,NULL
759,NULL,HM-2000-USA-1139,OR,Portland,NULL,NULL,NULL
760,NULL,HM-2000-USA-1140,OR,Portland,NULL,NULL,NULL
761,NULL,HM-2000-USA-1141,OR,Portland,NULL,NULL,NULL
762,NULL,HM-2000-USA-1141,NULL,NULL,NULL,NULL,NULL
763,NULL,HM-2000-USA-1142,OR,Portland,NULL,NULL,NULL
764,NULL,HM-2000-USA-1143,OR,Portland,NULL,NULL,NULL
765,NULL,HM-2000-USA-1143,IL,Chicago,NULL,NULL,NULL
766,NULL,HM-2000-USA-1144,IL,Chicago,NULL,NULL,NULL
767,NULL,HM-2000-USA-1145,IL,Chicago,NULL,NULL,NULL
768,NULL,HM-2000-USA-1145,IN,"Indianapolis city",NULL,NULL,NULL
769,NULL,HM-2000-USA-1146,IN,"Indianapolis city",NULL,NULL,NULL
770,NULL,HM-2000-USA-1147,IN,"Indianapolis city",NULL,NULL,NULL
771,NULL,HM-2000-USA-1147,IL,Chicago,NULL,NULL,NULL
772,NULL,HM-2000-USA-1148,IL,Chicago,NULL,NULL,NULL
773,NULL,HM-2000-USA-1149,MN,Minneapolis,NULL,NULL,NULL
774,NULL,HM-2000-USA-1150,MN,Minneapolis,NULL,NULL,NULL
775,NULL,HM-2000-USA-1151,MN,Minneapolis,NULL,NULL,NULL
776,NULL,HM-2000-USA-1152,MN,Minneapolis,NULL,NULL,NULL
777,NULL,HM-2000-USA-1152,IL,Chicago,NULL,NULL,NULL
778,NULL,HM-2000-USA-1153,IL,Chicago,NULL,NULL,NULL
779,NULL,HM-2000-USA-1153,IN,"Indianapolis city",NULL,NULL,NULL
780,NULL,HM-2000-USA-1154,IN,"Indianapolis city",NULL,NULL,NULL
781,NULL,HM-2000-USA-1155,IN,"Indianapolis city",NULL,NULL,NULL
782,NULL,HM-2000-USA-1156,IN,"Indianapolis city",NULL,NULL,NULL
783,NULL,HM-2000-USA-1157,IN,"Indianapolis city",NULL,NULL,NULL
784,NULL,HM-2000-USA-1157,MN,Minneapolis,NULL,NULL,NULL
785,NULL,HM-2000-USA-1158,MN,Minneapolis,NULL,NULL,NULL
786,NULL,HM-2000-USA-1159,MN,Minneapolis,NULL,NULL,NULL
787,NULL,HM-2000-USA-1160,MN,Minneapolis,NULL,NULL,NULL
788,NULL,HM-2000-USA-1161,MI,Detroit,NULL,NULL,NULL
789,NULL,HM-2000-USA-1162,MI,Detroit,NULL,NULL,NULL
790,NULL,HM-2000-USA-1163,MI,Detroit,NULL,NULL,NULL
791,NULL,HM-2000-USA-1164,MI,Detroit,NULL,NULL,NULL
792,NULL,HM-2000-USA-1165,MI,Detroit,NULL,NULL,NULL
793,NULL,HM-2000-USA-1166,MI,Detroit,NULL,NULL,NULL
794,NULL,HM-2000-USA-1167,IL,Chicago,NULL,NULL,NULL
795,NULL,HM-2000-USA-1168,IL,Chicago,NULL,NULL,NULL
796,NULL,HM-2000-USA-1169,IL,Chicago,NULL,NULL,NULL
797,NULL,HM-2000-USA-1170,IL,Chicago,NULL,NULL,NULL
798,NULL,HM-2000-USA-1170,CO,Denver,NULL,NULL,NULL
799,NULL,HM-2000-USA-1171,CO,Denver,NULL,NULL,NULL
800,NULL,HM-2000-USA-1172,CO,Denver,NULL,NULL,NULL
801,NULL,HM-2000-USA-1173,CO,Denver,NULL,NULL,NULL
802,NULL,HM-2000-USA-1174,CO,Denver,NULL,NULL,NULL
803,NULL,HM-2000-USA-1175,CO,Denver,NULL,NULL,NULL
804,NULL,HM-2000-USA-1175,MA,Boston,NULL,NULL,NULL
805,NULL,HM-2000-USA-1176,MA,Boston,NULL,NULL,NULL
806,NULL,HM-2000-USA-1177,MA,Boston,NULL,NULL,NULL
807,NULL,HM-2000-USA-1178,MA,Boston,NULL,NULL,NULL
808,NULL,HM-2000-USA-1179,MA,Boston,NULL,NULL,NULL
809,NULL,HM-2000-USA-1179,NC,Charlotte,NULL,NULL,NULL
810,NULL,HM-2000-USA-1179,NC,Greensboro,NULL,NULL,NULL
811,NULL,HM-2000-USA-1180,NC,Charlotte,NULL,NULL,NULL
812,NULL,HM-2000-USA-1180,NC,Greensboro,NULL,NULL,NULL
813,NULL,HM-2000-USA-1181,NC,Charlotte,NULL,NULL,NULL
814,NULL,HM-2000-USA-1181,NC,Greensboro,NULL,NULL,NULL
815,NULL,HM-2000-USA-1182,NC,Charlotte,NULL,NULL,NULL
816,NULL,HM-2000-USA-1182,NC,Greensboro,NULL,NULL,NULL
817,NULL,HM-2000-USA-1183,NC,Charlotte,NULL,NULL,NULL
818,NULL,HM-2000-USA-1183,NC,Greensboro,NULL,NULL,NULL
819,NULL,HM-2000-USA-1183,NC,Charlotte,NULL,NULL,NULL
820,NULL,HM-2000-USA-1183,NC,Greensboro,NULL,NULL,NULL
821,NULL,HM-2000-USA-1184,NC,Charlotte,NULL,NULL,NULL
822,NULL,HM-2000-USA-1184,NC,Greensboro,NULL,NULL,NULL
823,NULL,HM-2000-USA-1186,NULL,NULL,NULL,NULL,NULL
824,NULL,HM-2000-USA-1185,NC,Charlotte,NULL,NULL,NULL
825,NULL,HM-2000-USA-1185,NC,Greensboro,NULL,NULL,NULL
826,NULL,HM-2000-USA-1186,NC,Charlotte,NULL,NULL,NULL
827,NULL,HM-2000-USA-1186,NC,Greensboro,NULL,NULL,NULL
828,NULL,HM-2000-USA-1187,MO,"Kansas City",NULL,NULL,NULL
829,NULL,HM-2000-USA-1187,NC,Charlotte,NULL,NULL,NULL
830,NULL,HM-2000-USA-1187,NC,Greensboro,NULL,NULL,NULL
831,NULL,HM-2000-USA-1188,MO,"Kansas City",NULL,NULL,NULL
832,NULL,HM-2000-USA-1189,MO,"Kansas City",NULL,NULL,NULL
833,NULL,HM-2000-USA-1190,MO,"Kansas City",NULL,NULL,NULL
834,NULL,HM-2000-USA-1191,MO,"Kansas City",NULL,NULL,NULL
835,NULL,HM-2000-USA-1192,MO,"Kansas City",NULL,NULL,NULL
836,NULL,HM-2000-USA-1193,MI,Detroit,NULL,NULL,NULL
837,NULL,HM-2000-USA-1194,MI,Detroit,NULL,NULL,NULL
838,NULL,HM-2000-USA-1195,MI,Detroit,NULL,NULL,NULL
839,NULL,HM-2000-USA-1195,MA,Boston,NULL,NULL,NULL
840,NULL,HM-2000-USA-1196,MA,Boston,NULL,NULL,NULL
841,NULL,HM-2000-USA-1197,OK,Tulsa,NULL,NULL,NULL
842,NULL,HM-2000-USA-1198,OK,Tulsa,NULL,NULL,NULL
843,NULL,HM-2000-USA-1199,TX,Dallas,NULL,NULL,NULL
844,NULL,HM-2000-USA-1200,TX,Dallas,NULL,NULL,NULL
845,NULL,HM-2000-USA-1201,TX,Dallas,NULL,NULL,NULL
846,NULL,HM-2000-USA-1203,TX,Dallas,NULL,NULL,NULL
847,NULL,HM-2000-USA-1202,TX,Dallas,NULL,NULL,NULL
848,NULL,HM-2000-USA-1204,TX,Dallas,NULL,NULL,NULL
849,NULL,HM-2000-USA-1205,TX,Dallas,NULL,NULL,NULL
850,NULL,HM-2000-USA-1205,LA,"New Orleans",NULL,NULL,NULL
851,NULL,HM-2000-USA-1206,LA,"New Orleans",NULL,NULL,NULL
852,NULL,HM-2000-USA-1207,LA,"New Orleans",NULL,NULL,NULL
853,NULL,HM-2000-USA-1207,TX,Houston,NULL,NULL,NULL
854,NULL,HM-2000-USA-1208,TX,Houston,NULL,NULL,NULL
855,NULL,HM-2000-USA-1209,TX,Houston,NULL,NULL,NULL
856,NULL,HM-2000-USA-12010,TX,Houston,NULL,NULL,NULL
857,NULL,HM-2000-USA-1210,TX,Houston,NULL,NULL,NULL
858,NULL,HM-2000-USA-1211,TX,Houston,NULL,NULL,NULL
859,NULL,HM-2000-USA-1212,TX,Austin,NULL,NULL,NULL
860,NULL,HM-2000-USA-1213,TX,Austin,NULL,NULL,NULL
861,NULL,HM-2000-USA-1214,NULL,NULL,NULL,NULL,NULL
862,NULL,HM-2000-USA-2000,AZ,Tucson,NULL,NULL,NULL
863,NULL,HM-2000-USA-2000,AZ,Phoenix,NULL,NULL,NULL
864,NULL,HM-2000-USA-2001,AZ,Tucson,NULL,NULL,NULL
865,NULL,HM-2000-USA-2001,AZ,Phoenix,NULL,NULL,NULL
866,NULL,HM-2000-USA-2002,AZ,Tucson,NULL,NULL,NULL
867,NULL,HM-2000-USA-2002,AZ,Phoenix,NULL,NULL,NULL
868,NULL,HM-2000-USA-2003,AZ,Tucson,NULL,NULL,NULL
869,NULL,HM-2000-USA-2003,AZ,Phoenix,NULL,NULL,NULL
870,NULL,HM-2000-USA-2004,AZ,Tucson,NULL,NULL,NULL
871,NULL,HM-2000-USA-2004,AZ,Phoenix,NULL,NULL,NULL
872,NULL,HM-2000-USA-2005,AZ,Tucson,NULL,NULL,NULL
873,NULL,HM-2000-USA-2005,AZ,Phoenix,NULL,NULL,NULL
874,NULL,HM-2000-USA-2006,AZ,Tucson,NULL,NULL,NULL
875,NULL,HM-2000-USA-2006,AZ,Phoenix,NULL,NULL,NULL
876,NULL,HM-2000-USA-2007,AZ,Tucson,NULL,NULL,NULL
877,NULL,HM-2000-USA-2007,AZ,Phoenix,NULL,NULL,NULL
878,NULL,HM-2000-USA-2008,AZ,Tucson,NULL,NULL,NULL
879,NULL,HM-2000-USA-2008,AZ,Phoenix,NULL,NULL,NULL
880,NULL,HM-2000-USA-2009,AZ,Tucson,NULL,NULL,NULL
881,NULL,HM-2000-USA-2009,AZ,Phoenix,NULL,NULL,NULL
882,NULL,HM-2000-USA-2010,AZ,Tucson,NULL,NULL,NULL
883,NULL,HM-2000-USA-2010,AZ,Phoenix,NULL,NULL,NULL
884,NULL,HM-2000-USA-2011,AZ,Tucson,NULL,NULL,NULL
885,NULL,HM-2000-USA-2011,AZ,Phoenix,NULL,NULL,NULL
886,NULL,HM-2000-USA-2012,AZ,Tucson,NULL,NULL,NULL
887,NULL,HM-2000-USA-2012,AZ,Phoenix,NULL,NULL,NULL
888,NULL,HM-2000-USA-2013,FL,Tampa,NULL,NULL,NULL
889,NULL,HM-2000-USA-2014,FL,Tampa,NULL,NULL,NULL
890,NULL,HM-2000-USA-2015,FL,Tampa,NULL,NULL,NULL
891,NULL,HM-2000-USA-2016,FL,Tampa,NULL,NULL,NULL
892,NULL,HM-2000-USA-2017,FL,Tampa,NULL,NULL,NULL
893,NULL,HM-2000-USA-2018,FL,Tampa,NULL,NULL,NULL
894,NULL,HM-2000-USA-2018,NULL,NULL,NULL,NULL,NULL
895,NULL,HM-2000-USA-2019,NULL,NULL,NULL,NULL,NULL
896,NULL,HM-2000-USA-2020,GA,Atlanta,NULL,NULL,NULL
897,NULL,HM-2000-USA-2021,GA,Atlanta,NULL,NULL,NULL
898,NULL,HM-2000-USA-2022,GA,Atlanta,NULL,NULL,NULL
899,NULL,HM-2000-USA-2023,GA,Atlanta,NULL,NULL,NULL
900,NULL,HM-2000-USA-2024,GA,Atlanta,NULL,NULL,NULL
901,NULL,HM-2000-USA-2025,GA,Atlanta,NULL,NULL,NULL
902,NULL,HM-2000-USA-2026,GA,Atlanta,NULL,NULL,NULL
903,NULL,HM-2000-USA-2027,GA,Atlanta,NULL,NULL,NULL
904,NULL,HM-2000-USA-2028,GA,Atlanta,NULL,NULL,NULL
905,NULL,HM-2000-USA-2029,AL,Birmingham,NULL,NULL,NULL
906,NULL,HM-2000-USA-2030,AL,Birmingham,NULL,NULL,NULL
907,NULL,HM-2000-USA-2030,GA,Atlanta,NULL,NULL,NULL
908,NULL,HM-2000-USA-2031,GA,Atlanta,NULL,NULL,NULL
909,NULL,HM-2000-USA-2032,GA,Atlanta,NULL,NULL,NULL
910,NULL,HM-2000-USA-2032,FL,Tampa,NULL,NULL,NULL
911,NULL,HM-2000-USA-2033,NC,Raleigh,NULL,NULL,NULL
912,NULL,HM-2000-USA-2034,NC,Raleigh,NULL,NULL,NULL
913,NULL,HM-2000-USA-2034,AL,Birmingham,NULL,NULL,NULL
914,NULL,HM-2000-USA-2035,AL,Birmingham,NULL,NULL,NULL
915,NULL,HM-2000-USA-2036,AL,Birmingham,NULL,NULL,NULL
916,NULL,HM-2000-USA-2037,AL,Birmingham,NULL,NULL,NULL
917,NULL,HM-2000-USA-2037,GA,Atlanta,NULL,NULL,NULL
918,NULL,HM-2000-USA-2037,NC,Charlotte,NULL,NULL,NULL
919,NULL,HM-2000-USA-2037,NC,Greensboro,NULL,NULL,NULL
920,NULL,HM-2000-USA-2038,NC,Charlotte,NULL,NULL,NULL
921,NULL,HM-2000-USA-2038,NC,Greensboro,NULL,NULL,NULL
922,NULL,HM-2000-USA-2039,NC,Charlotte,NULL,NULL,NULL
923,NULL,HM-2000-USA-2039,NC,Greensboro,NULL,NULL,NULL
924,NULL,HM-2000-USA-2039,TN,Memphis,NULL,NULL,NULL
925,NULL,HM-2000-USA-2040,TN,Memphis,NULL,NULL,NULL
926,NULL,hm-2000-USA-2041,TN,Memphis,NULL,NULL,NULL
927,NULL,HM-2000-USA-2042,TN,Memphis,NULL,NULL,NULL
928,NULL,HM-2000-USA-2043,TN,Memphis,NULL,NULL,NULL
929,NULL,HM-2000-USA-2043,NC,Raleigh,NULL,NULL,NULL
930,NULL,HM-2000-USA-2044,NC,Raleigh,NULL,NULL,NULL
931,NULL,HM-2000-USA-2045,NC,Raleigh,NULL,NULL,NULL
932,NULL,HM-2000-USA-2046,MN,Minneapolis,NULL,NULL,NULL
933,NULL,HM-2000-USA-2047,MN,Minneapolis,NULL,NULL,NULL
934,NULL,HM-2000-USA-2048,MN,Minneapolis,NULL,NULL,NULL
935,NULL,HM-2000-USA-2050,IN,"Indianapolis city",NULL,NULL,NULL
936,NULL,HM-2000-USA-2051,IN,"Indianapolis city",NULL,NULL,NULL
937,NULL,HM-2000-USA-2052,IN,"Indianapolis city",NULL,NULL,NULL
938,NULL,HM-2000-USA-2053,IN,"Indianapolis city",NULL,NULL,NULL
939,NULL,HM-2000-USA-2054,IN,"Indianapolis city",NULL,NULL,NULL
940,NULL,HM-2000-USA-2055,IN,"Indianapolis city",NULL,NULL,NULL
941,NULL,HM-2000-USA-2056,MN,Minneapolis,NULL,NULL,NULL
942,NULL,HM-2000-USA-2057,MN,Minneapolis,NULL,NULL,NULL
943,NULL,HM-2000-USA-2058,MN,Minneapolis,NULL,NULL,NULL
944,NULL,HM-2000-USA-2059,MN,Minneapolis,NULL,NULL,NULL
945,NULL,HM-2000-USA-2060,MN,Minneapolis,NULL,NULL,NULL
946,NULL,HM-2000-USA-2060,IL,Chicago,NULL,NULL,NULL
947,NULL,HM-2000-USA-2061,MN,Minneapolis,NULL,NULL,NULL
948,NULL,HM-2000-USA-2061,IL,Chicago,NULL,NULL,NULL
949,NULL,HM-2000-USA-2062,MN,Minneapolis,NULL,NULL,NULL
950,NULL,HM-2000-USA-2062,IL,Chicago,NULL,NULL,NULL
951,NULL,HM-2000-USA-2063,IL,Chicago,NULL,NULL,NULL
952,NULL,HM-2000-USA-2064,IL,Chicago,NULL,NULL,NULL
953,NULL,HM-2000-USA-2065,IL,Chicago,NULL,NULL,NULL
954,NULL,HM-2000-USA-2066,IL,Chicago,NULL,NULL,NULL
955,NULL,HM-2000-USA-2066,MI,Detroit,NULL,NULL,NULL
956,NULL,HM-2000-USA-2067,MI,Detroit,NULL,NULL,NULL
957,NULL,HM-2000-USA-2067,MN,Minneapolis,NULL,NULL,NULL
958,NULL,HM-2000-USA-2068,MN,Minneapolis,NULL,NULL,NULL
959,NULL,HM-2000-USA-2069,WA,Seattle,NULL,NULL,NULL
960,NULL,HM-2000-USA-2070,UT,"Salt Lake City",NULL,NULL,NULL
961,NULL,HM-2000-USA-2071,UT,"Salt Lake City",NULL,NULL,NULL
962,NULL,HM-2000-USA-2072,UT,"Salt Lake City",NULL,NULL,NULL
963,NULL,HM-2000-USA-2073,UT,"Salt Lake City",NULL,NULL,NULL
964,NULL,HM-2000-USA-2074,UT,"Salt Lake City",NULL,NULL,NULL
965,NULL,HM-2000-USA-2075,UT,"Salt Lake City",NULL,NULL,NULL
966,NULL,HM-2000-USA-2076,UT,"Salt Lake City",NULL,NULL,NULL
967,NULL,HM-2000-USA-2076,IL,Chicago,NULL,NULL,NULL
968,NULL,HM-2000-USA-2077,IL,Chicago,NULL,NULL,NULL
969,NULL,HM-2000-USA-2077,MI,Detroit,NULL,NULL,NULL
970,NULL,HM-2000-USA-2078,IL,Chicago,NULL,NULL,NULL
971,NULL,HM-2000-USA-2078,MI,Detroit,NULL,NULL,NULL
972,NULL,HM-2000-USA-2079,MI,Detroit,NULL,NULL,NULL
973,NULL,HM-2000-USA-2080,MI,Detroit,NULL,NULL,NULL
974,NULL,HM-2000-USA-2080,OK,Tulsa,NULL,NULL,NULL
975,NULL,HM-2000-USA-2081,OK,Tulsa,NULL,NULL,NULL
976,NULL,HM-2000-USA-2082,OK,Tulsa,NULL,NULL,NULL
977,NULL,HM-2000-USA-2082,NE,Omaha,NULL,NULL,NULL
978,NULL,HM-2000-USA-2083,NE,Omaha,NULL,NULL,NULL
979,NULL,HM-2000-USA-2084,NE,Omaha,NULL,NULL,NULL
980,NULL,HM-2000-USA-2085,NE,Omaha,NULL,NULL,NULL
981,NULL,HM-2000-USA-2086,NE,Omaha,NULL,NULL,NULL
982,NULL,HM-2000-USA-2086,MO,"Kansas City",NULL,NULL,NULL
983,NULL,HM-2000-USA-2087,MO,"Kansas City",NULL,NULL,NULL
984,NULL,HM-2000-USA-2088,MO,"Kansas City",NULL,NULL,NULL
985,NULL,HM-2000-USA-2089,MO,"Kansas City",NULL,NULL,NULL
986,NULL,HM-2000-USA-2090,MO,"Kansas City",NULL,NULL,NULL
987,NULL,HM-2000-USA-2091,MA,Boston,NULL,NULL,NULL
988,NULL,HM-2000-USA-2092,MA,Boston,NULL,NULL,NULL
989,NULL,HM-2000-USA-2093,MA,Boston,NULL,NULL,NULL
990,NULL,HM-2000-USA-2094,MA,Boston,NULL,NULL,NULL
991,NULL,HM-2000-USA-2095,MA,Boston,NULL,NULL,NULL
992,NULL,HM-2000-USA-2096,MA,Boston,NULL,NULL,NULL
993,NULL,HM-2000-USA-2097,MA,Boston,NULL,NULL,NULL
994,NULL,HM-2000-USA-2097,NC,Raleigh,NULL,NULL,NULL
995,NULL,HM-2000-USA-2098,NC,Raleigh,NULL,NULL,NULL
996,NULL,HM-2000-USA-2099,NC,Raleigh,NULL,NULL,NULL
997,NULL,HM-2000-USA-2100,NC,Raleigh,NULL,NULL,NULL
998,NULL,HM-2000-USA-2101,NC,Raleigh,NULL,NULL,NULL
999,NULL,HM-2000-USA-2102,NC,Raleigh,NULL,NULL,NULL
1000,NULL,HM-2000-USA-2103,NC,Raleigh,NULL,NULL,NULL
1001,NULL,HM-2000-USA-2103,NC,Charlotte,NULL,NULL,NULL
1002,NULL,HM-2000-USA-2103,NC,Greensboro,NULL,NULL,NULL
1004,NULL,HM-2000-USA-2104,NC,Greensboro,NULL,NULL,NULL
1005,NULL,HM-2000-USA-2104,NC,Charlotte,NULL,NULL,NULL
1007,NULL,HM-2000-USA-2105,NC,Greensboro,NULL,NULL,NULL
1008,NULL,HM-2000-USA-2106,NC,Charlotte,NULL,NULL,NULL
1009,NULL,HM-2000-USA-2106,NC,Greensboro,NULL,NULL,NULL
1010,NULL,HM-2000-USA-2107,NC,Charlotte,NULL,NULL,NULL
1011,NULL,HM-2000-USA-2107,NC,Greensboro,NULL,NULL,NULL
1012,NULL,HM-2000-USA-2108,NC,Charlotte,NULL,NULL,NULL
1013,NULL,HM-2000-USA-2108,NC,Greensboro,NULL,NULL,NULL
1014,NULL,HM-2000-USA-2108,TX,"San Antonio",NULL,NULL,NULL
1015,NULL,HM-2000-USA-2109,TX,"San Antonio",NULL,NULL,NULL
1016,NULL,HM-2000-USA-2111,TX,"San Antonio",NULL,NULL,NULL
1017,NULL,HM-2000-USA-2112,TX,"San Antonio",NULL,NULL,NULL
1018,NULL,HM-2000-USA-2113,TX,"San Antonio",NULL,NULL,NULL
1019,NULL,HM-2000-USA-2113,TX,Dallas,NULL,NULL,NULL
1020,NULL,HM-2000-USA-2114,TX,Dallas,NULL,NULL,NULL
1021,NULL,HM-2000-USA-2115,TX,Dallas,NULL,NULL,NULL
1022,NULL,HM-2000-USA-2116,TX,Dallas,NULL,NULL,NULL
1023,NULL,HM-2000-USA-2117,TX,Dallas,NULL,NULL,NULL
1024,NULL,HM-2000-USA-2118,TX,Dallas,NULL,NULL,NULL
1025,NULL,HM-2000-USA-2119,TX,Dallas,NULL,NULL,NULL
1026,NULL,HM-2000-USA-2120,TX,Dallas,NULL,NULL,NULL
1027,NULL,HM-2000-USA-2121,TX,Dallas,NULL,NULL,NULL
1028,NULL,HM-2000-USA-2121,NM,Albuquerque,NULL,NULL,NULL
1029,NULL,HM-2000-USA-2122,NM,Albuquerque,NULL,NULL,NULL
1030,NULL,HM-2000-USA-2123,NM,Albuquerque,NULL,NULL,NULL
1031,NULL,HM-2000-USA-2124,TX,Austin,NULL,NULL,NULL
1032,NULL,HM-2000-USA-2125,TX,Austin,NULL,NULL,NULL
1033,NULL,HM-2000-USA-2126,TX,Austin,NULL,NULL,NULL
1034,NULL,HM-2000-USA-2126,LA,"New Orleans",NULL,NULL,NULL
1035,NULL,HM-2000-USA-2127,LA,"New Orleans",NULL,NULL,NULL
1036,NULL,HM-2000-USA-2128,TX,"San Antonio",NULL,NULL,NULL
1037,NULL,HM-2000-USA-3004,TX,Houston,NULL,NULL,NULL
1038,NULL,HM-2000-USA-7019,GA,Atlanta,NULL,NULL,NULL
1039,NULL,HM-2001-USA-1000,TX,"San Antonio",NULL,NULL,NULL
1040,NULL,HM-2001-USA-1001,TX,"San Antonio",NULL,NULL,NULL
1041,NULL,HM-2001-USA-1002,TX,Austin,NULL,NULL,NULL
1042,NULL,HM-2001-USA-1003,TX,Austin,NULL,NULL,NULL
1043,NULL,HM-2001-USA-1004,TX,Austin,NULL,NULL,NULL
1044,NULL,HM-2001-USA-1005,TX,Austin,NULL,NULL,NULL
1045,NULL,HM-2001-USA-1005,TX,Austin,NULL,NULL,NULL
1046,NULL,HM-2001-USA-1006,TX,Austin,NULL,NULL,NULL
1047,NULL,HM-2001-USA-1007,TX,Houston,NULL,NULL,NULL
1048,NULL,HM-2001-USA-1008,TX,Houston,NULL,NULL,NULL
1049,NULL,HM-2001-USA-1009,TX,Houston,NULL,NULL,NULL
1050,NULL,HM-2001-USA-1010,TX,Houston,NULL,NULL,NULL
1051,NULL,HM-2001-USA-1011,CA,"San Diego",NULL,NULL,NULL
1052,NULL,HM-2001-USA-1012,CA,"San Diego",NULL,NULL,NULL
1054,NULL,HM-2001-USA-1014,CA,"San Diego",NULL,NULL,NULL
1055,NULL,HM-2001-USA-1016,CA,"San Diego",NULL,NULL,NULL
1056,NULL,HM-2001-USA-1017,CA,"San Diego",NULL,NULL,NULL
1057,NULL,HM-2001-USA-1018,CA,"San Diego",NULL,NULL,NULL
1058,NULL,HM-2001-USA-1019,CA,"San Diego",NULL,NULL,NULL
1059,NULL,HM-2001-USA-1019,NV,"Las Vegas",NULL,NULL,NULL
1060,NULL,HM-2001-USA-1020,NV,"Las Vegas",NULL,NULL,NULL
1061,NULL,HM-2001-USA-1021,NV,"Las Vegas",NULL,NULL,NULL
1062,NULL,HM-2001-USA-1022,AL,Mobile,NULL,NULL,NULL
1063,NULL,HM-2001-USA-1023,AL,Mobile,NULL,NULL,NULL
1064,NULL,HM-2001-USA-1024,AL,Mobile,NULL,NULL,NULL
1065,NULL,HM-2001-USA-1025,AL,Mobile,NULL,NULL,NULL
1066,NULL,HM-2001-USA-1026,NV,"Las Vegas",NULL,NULL,NULL
1067,NULL,HM-2001-USA-1027,NV,"Las Vegas",NULL,NULL,NULL
1068,NULL,HM-2001-USA-1029,NV,"Las Vegas",NULL,NULL,NULL
1069,NULL,HM-2001-USA-1030,NV,"Las Vegas",NULL,NULL,NULL
1070,NULL,HM-2001-USA-1031,NV,"Las Vegas",NULL,NULL,NULL
1071,NULL,HM-2001-USA-1031,CA,Bakersfield,NULL,NULL,NULL
1072,NULL,HM-2001-USA-1032,CA,Bakersfield,NULL,NULL,NULL
1073,NULL,HM-2001-USA-1033,CA,Visalia,NULL,NULL,NULL
1074,NULL,HM-2001-USA-1034,CA,Fresno,NULL,NULL,NULL
1075,NULL,HM-2001-USA-1035,CA,Fresno,NULL,NULL,NULL
1076,NULL,HM-2001-USA-1036,CA,Fresno,NULL,NULL,NULL
1077,NULL,HM-2001-USA-1036,CA,Merced,NULL,NULL,NULL
1078,NULL,HM-2001-USA-1037,CA,Fresno,NULL,NULL,NULL
1079,NULL,HM-2001-USA-1038,OH,Cincinnati,NULL,NULL,NULL
1080,NULL,HM-2001-USA-1039,OH,Cincinnati,NULL,NULL,NULL
1081,NULL,HM-2001-USA-1040,OH,Cincinnati,NULL,NULL,NULL
1083,NULL,HM-2001-USA-1041,OH,Cincinnati,NULL,NULL,NULL
1084,NULL,HM-2001-USA-1013,CA,"San Diego",NULL,NULL,NULL
1085,NULL,HM-2001-USA-1042,OH,Cincinnati,NULL,NULL,NULL
1086,NULL,HM-2001-USA-1042,UT,"Salt Lake City",NULL,NULL,NULL
1087,NULL,HM-2001-USA-1043,UT,"Salt Lake City",NULL,NULL,NULL
1088,NULL,HM-2001-USA-1043,IL,Chicago,NULL,NULL,NULL
1089,NULL,HM-2001-USA-1044,IL,Chicago,NULL,NULL,NULL
1090,NULL,HM-2001-USA-1045,IL,Chicago,NULL,NULL,NULL
1091,NULL,HM-2001-USA-1046,IL,Chicago,NULL,NULL,NULL
1092,NULL,HM-2001-USA-1046,MI,"Grand Rapids",NULL,NULL,NULL
1093,NULL,HM-2001-USA-1047,MI,"Grand Rapids",NULL,NULL,NULL
1094,NULL,HM-2001-USA-1048,MI,"Grand Rapids",NULL,NULL,NULL
1095,NULL,HM-2001-USA-1049,MI,"Grand Rapids",NULL,NULL,NULL
1096,NULL,HM-2001-USA-1050,MI,"Grand Rapids",NULL,NULL,NULL
1097,NULL,HM-2001-USA-1051,MI,Detroit,NULL,NULL,NULL
1098,NULL,HM-2001-USA-1052,MI,Detroit,NULL,NULL,NULL
1099,NULL,HM-2001-USA-1053,MI,Detroit,NULL,NULL,NULL
1100,NULL,HM-2001-USA-1054,MI,Detroit,NULL,NULL,NULL
1101,NULL,HM-2001-USA-2000,TX,Houston,NULL,NULL,NULL
1102,NULL,HM-2001-USA-2001,TX,Houston,NULL,NULL,NULL
1103,NULL,HM-2001-USA-2002,TX,Houston,NULL,NULL,NULL
1104,NULL,HM-2001-USA-2003,TX,Houston,NULL,NULL,NULL
1105,NULL,HM-2001-USA-2004,TX,Houston,NULL,NULL,NULL
1106,NULL,HM-2001-USA-2004,FL,Miami,NULL,NULL,NULL
1107,NULL,HM-2001-USA-2005,FL,"West Palm Beach",NULL,NULL,NULL
1108,NULL,HM-2001-USA-2005,FL,Miami,NULL,NULL,NULL
1109,NULL,HM-2001-USA-2006,FL,Miami,NULL,NULL,NULL
1110,NULL,HM-2001-USA-2007,FL,Miami,NULL,NULL,NULL
1111,NULL,HM-2001-USA-2007,FL,"West Palm Beach",NULL,NULL,NULL
1112,NULL,HM-2001-USA-2008,FL,"West Palm Beach",NULL,NULL,NULL
1113,NULL,HM-2001-USA-2009,FL,"West Palm Beach",NULL,NULL,NULL
1114,NULL,HM-2001-USA-2010,FL,"West Palm Beach",NULL,NULL,NULL
1115,NULL,HM-2001-USA-2010,FL,Miami,NULL,NULL,NULL
1116,NULL,HM-2001-USA-2011,FL,Miami,NULL,NULL,NULL
1117,NULL,HM-2001-USA-2011,FL,"West Palm Beach",NULL,NULL,NULL
1118,NULL,HM-2001-USA-2012,FL,"West Palm Beach",NULL,NULL,NULL
1119,NULL,HM-2001-USA-2013,FL,"West Palm Beach",NULL,NULL,NULL
1120,NULL,HM-2001-USA-2014,SC,Greenville,NULL,NULL,NULL
1121,NULL,HM-2001-USA-2015,SC,Greenville,NULL,NULL,NULL
1122,NULL,HM-2001-USA-2016,SC,Greenville,NULL,NULL,NULL
1123,NULL,HM-2001-USA-2016,GA,"Augusta-Richmond County",NULL,NULL,NULL
1124,NULL,HM-2001-USA-2017,GA,"Augusta-Richmond County",NULL,NULL,NULL
1125,NULL,HM-2001-USA-2018,GA,"Augusta-Richmond County",NULL,NULL,NULL
1126,NULL,HM-2001-USA-2020,GA,Savannah,NULL,NULL,NULL
1127,NULL,HM-2001-USA-2021,GA,Savannah,NULL,NULL,NULL
1128,NULL,HM-2001-USA-2021,GA,"Augusta-Richmond County",NULL,NULL,NULL
1129,NULL,HM-2001-USA-2022,GA,"Augusta-Richmond County",NULL,NULL,NULL
1130,NULL,HM-2001-USA-2023,GA,"Augusta-Richmond County",NULL,NULL,NULL
1131,NULL,HM-2001-USA-2023,GA,Savannah,NULL,NULL,NULL
1132,NULL,HM-2001-USA-2023,SC,Charleston,NULL,NULL,NULL
1133,NULL,HM-2001-USA-2024,SC,Charleston,NULL,NULL,NULL
1134,NULL,HM-2001-USA-2025,SC,Charleston,NULL,NULL,NULL
1135,NULL,HM-2001-USA-2026,SC,Charleston,NULL,NULL,NULL
1136,NULL,HM-2001-USA-2027,ME,Portland,NULL,NULL,NULL
1137,NULL,HM-2001-USA-2028,ME,Portland,NULL,NULL,NULL
1138,NULL,HM-2001-USA-2028,NY,Albany,NULL,NULL,NULL
1139,NULL,HM-2001-USA-2029,NY,Albany,NULL,NULL,NULL
1140,NULL,HM-2001-USA-2030,NY,Albany,NULL,NULL,NULL
1141,NULL,HM-2001-USA-2031,NY,"New York",NULL,NULL,NULL
1142,NULL,HM-2001-USA-2032,NY,"New York",NULL,NULL,NULL
1143,NULL,HM-2001-USA-2033,NY,"New York",NULL,NULL,NULL
1144,NULL,HM-2001-USA-2034,NY,"New York",NULL,NULL,NULL
1145,NULL,HM-2001-USA-2035,NY,"New York",NULL,NULL,NULL
1146,NULL,HM-2001-USA-2036,PA,Philadelphia,NULL,NULL,NULL
1147,NULL,HM-2001-USA-2037,PA,Philadelphia,NULL,NULL,NULL
1148,NULL,HM-2001-USA-2038,PA,Philadelphia,NULL,NULL,NULL
1149,NULL,HM-2001-USA-2039,PA,Philadelphia,NULL,NULL,NULL
1150,NULL,HM-2001-USA-2040,PA,Philadelphia,NULL,NULL,NULL
1151,NULL,HM-2001-USA-2041,PA,Philadelphia,NULL,NULL,NULL
1152,NULL,HM-2001-USA-2042,PA,Philadelphia,NULL,NULL,NULL
1153,NULL,HM-2001-USA-2043,PA,Philadelphia,NULL,NULL,NULL
1154,NULL,HM-2001-USA-2044,PA,Philadelphia,NULL,NULL,NULL
1155,NULL,HM-2001-USA-2045,PA,Philadelphia,NULL,NULL,NULL
1156,NULL,HM-2001-USA-2046,NY,Rochester,NULL,NULL,NULL
1157,NULL,HM-2001-USA-2047,NY,Rochester,NULL,NULL,NULL
1158,NULL,HM-2001-USA-2047,NY,Buffalo,NULL,NULL,NULL
1159,NULL,HM-2001-USA-2048,NY,Rochester,NULL,NULL,NULL
1160,NULL,HM-2001-USA-2048,NY,Buffalo,NULL,NULL,NULL
1161,NULL,HM-2001-USA-2049,NY,Rochester,NULL,NULL,NULL
1162,NULL,HM-2001-USA-2049,NULL,NULL,NULL,NULL,NULL
1163,NULL,HM-2001-USA-3000,FL,"West Palm Beach",NULL,NULL,NULL
1164,NULL,HM-2001-USA-3000,FL,Miami,NULL,NULL,NULL
1165,NULL,HM-2001-USA-3001,FL,Miami,NULL,NULL,NULL
1166,NULL,HM-2001-USA-3001,FL,"West Palm Beach",NULL,NULL,NULL
1167,NULL,HM-2001-USA-3001,FL,Orlando,NULL,NULL,NULL
1168,NULL,HM-2001-USA-3002,FL,Orlando,NULL,NULL,NULL
1169,NULL,HM-2001-USA-3003,FL,Orlando,NULL,NULL,NULL
1170,NULL,HM-2001-USA-3004,FL,Orlando,NULL,NULL,NULL
1171,NULL,HM-2001-USA-3005,FL,Orlando,NULL,NULL,NULL
1172,NULL,HM-2001-USA--3006,FL,Orlando,NULL,NULL,NULL
1173,NULL,HM-2001-USA--3006,FL,"Fort Myers",NULL,NULL,NULL
1174,NULL,HM-2001-USA-3007,FL,"Fort Myers",NULL,NULL,NULL
1175,NULL,HM-2001-USA-3008,FL,"Fort Myers",NULL,NULL,NULL
1176,NULL,HM-2001-USA-3009,FL,"Fort Myers",NULL,NULL,NULL
1177,NULL,HM-2001-USA-3010,FL,Orlando,NULL,NULL,NULL
1178,NULL,HM-2001-USA--3011,FL,Orlando,NULL,NULL,NULL
1179,NULL,HM-2001-USA--3011,FL,Jacksonville,NULL,NULL,NULL
1180,NULL,HM-2001-USA--3011,FL,Sarasota,NULL,NULL,NULL
1181,NULL,HM-2001-USA-3012,FL,Sarasota,NULL,NULL,NULL
1182,NULL,HM-2001-USA-3013,FL,Sarasota,NULL,NULL,NULL
1183,NULL,HM-2001-USA-3014,FL,Sarasota,NULL,NULL,NULL
1184,NULL,HM-2001-USA-3014,FL,Tallahassee,NULL,NULL,NULL
1185,NULL,HM-2001-USA-3015,FL,Tallahassee,NULL,NULL,NULL
1186,NULL,HM-2001-USA-3015,FL,Gainesville,NULL,NULL,NULL
1187,NULL,HM-2001-USA-3016,FL,Gainesville,NULL,NULL,NULL
1188,NULL,HM-2001-USA-3016,FL,"Fort Myers",NULL,NULL,NULL
1189,NULL,HM-2001-USA-3017,FL,"Fort Myers",NULL,NULL,NULL
1190,NULL,HM-2001-USA-3018,FL,"Fort Myers",NULL,NULL,NULL
1191,NULL,HM-2001-USA-3018,FL,Orlando,NULL,NULL,NULL
1192,NULL,HM-2001-USA-3019,FL,"Fort Myers",NULL,NULL,NULL
1193,NULL,HM-2001-USA-3019,FL,Orlando,NULL,NULL,NULL
1194,NULL,HM-2001-USA-3020,FL,"Fort Myers",NULL,NULL,NULL
1195,NULL,HM-2001-USA-3021,FL,"Fort Myers",NULL,NULL,NULL
1196,NULL,HM-2001-USA-3021,FL,Sarasota,NULL,NULL,NULL
1197,NULL,HM-2001-USA-3022,FL,Sarasota,NULL,NULL,NULL
1198,NULL,HM-2001-USA-3022,FL,Gainesville,NULL,NULL,NULL
1199,NULL,HM-2001-USA-3023,FL,Gainesville,NULL,NULL,NULL
1200,NULL,HM-2001-USA-3023,LA,"Baton Rouge",NULL,NULL,NULL
1201,NULL,HM-2001-USA-3024,LA,"Baton Rouge",NULL,NULL,NULL
1202,NULL,HM-2001-USA-3024,MS,Jackson,NULL,NULL,NULL
1203,NULL,HM-2001-USA-3025,LA,"Baton Rouge",NULL,NULL,NULL
1204,NULL,HM-2001-USA-3025,MS,Jackson,NULL,NULL,NULL
1205,NULL,HM-2001-USA-3026,LA,"Baton Rouge",NULL,NULL,NULL
1206,NULL,HM-2001-USA-3027,LA,"Baton Rouge",NULL,NULL,NULL
1207,NULL,HM-2001-USA-3028,MS,Jackson,NULL,NULL,NULL
1208,NULL,HM-2001-USA-3029,MS,Jackson,NULL,NULL,NULL
1209,NULL,HM-2001-USA-3029,LA,Houma,NULL,NULL,NULL
1210,NULL,HM-2001-USA-3030,LA,Houma,NULL,NULL,NULL
1211,NULL,HM-2001-USA-3030,AL,Montgomery,NULL,NULL,NULL
1212,NULL,HM-2001-USA-3031,AL,Montgomery,NULL,NULL,NULL
1213,NULL,HM-2001-USA-3032,ME,Portland,NULL,NULL,NULL
1214,NULL,HM-2001-USA-3033,ME,Portland,NULL,NULL,NULL
1215,NULL,HM-2001-USA-3034,ME,Portland,NULL,NULL,NULL
1216,NULL,HM-2001-USA-3035,ME,Portland,NULL,NULL,NULL
1217,NULL,HM-2001-USA-3036,ME,Portland,NULL,NULL,NULL
1218,NULL,HM-2001-USA-3036,NY,Albany,NULL,NULL,NULL
1219,NULL,HM-2001-USA-3037,NY,Albany,NULL,NULL,NULL
1220,NULL,HM-2001-USA-3038,MI,Detroit,NULL,NULL,NULL
1221,NULL,HM-2001-USA-3039,MI,Detroit,NULL,NULL,NULL
1222,NULL,HM-2001-USA-3039,MA,Boston,NULL,NULL,NULL
1223,NULL,HM-2001-USA-3040,MA,Boston,NULL,NULL,NULL
1224,NULL,HM-2001-USA-3040,MO,"St. Louis",NULL,NULL,NULL
1225,NULL,HM-2001-USA-3041,CA,Oakland,NULL,NULL,NULL
1226,NULL,HM-2001-USA-3042,CA,Oakland,NULL,NULL,NULL
1227,NULL,HM-2001-USA-3043,CA,Oakland,NULL,NULL,NULL
1228,NULL,HM-2001-USA-3043,CA,"Santa Rosa",NULL,NULL,NULL
1229,NULL,HM-2001-USA-3044,CA,Oakland,NULL,NULL,NULL
1230,NULL,HM-2001-USA-3044,CA,"Santa Rosa",NULL,NULL,NULL
1231,NULL,HM-2001-USA-3045,CA,"Yuba City",NULL,NULL,NULL
1232,NULL,HM-2001-USA-3045,CA,Stockton,NULL,NULL,NULL
1233,NULL,HM-2001-USA-3045,NULL,NULL,NULL,NULL,NULL
1234,NULL,HM-2001-USA-3046,CA,Stockton,NULL,NULL,NULL
1235,NULL,HM-2001-USA-3047,CA,Stockton,NULL,NULL,NULL
1236,NULL,HM-2001-USA-3047,CA,Modesto,NULL,NULL,NULL
1238,NULL,HM-2001-USA-3048,CA,Modesto,NULL,NULL,NULL
1239,NULL,HM-2001-USA-3049,WA,Seattle,NULL,NULL,NULL
1240,NULL,HM-2001-USA-3050,WA,Seattle,NULL,NULL,NULL
1241,NULL,HM-2001-USA-3051,WA,Seattle,NULL,NULL,NULL
1242,NULL,HM-2001-USA-3052,WA,Seattle,NULL,NULL,NULL
1243,NULL,HM-1999-USA-1002,CA,"Agoura Hills",NULL,NULL,NULL
