id,holding_id,County,Region,Format,Notes,Restrictions,image_name
8,503616,"LOS ANGELES","SAN FERNANDO VALLEY",NULL,"Pictorial Coverage",NULL,los_angeles.jpg
1496,502792,"LOS ANGELES","SANTA CLARITA VALLEY",P,NULL,NULL,los_angeles.jpg
1489,502668,"LOS ANGELES","MALIBU/SANTA MONICA MOUNTAINS",NULL,NULL,NULL,los_angeles.jpg
1490,502667,"LOS ANGELES","MALIBU/SANTA MONICA MOUNTAINS",NULL,NULL,NULL,los_angeles.jpg
1482,502424,"LOS ANGELES","MALIBU/SANTA MONICA MOUNTAINS",NULL,"Partial Coverage; See index page 3",NULL,los_angeles.jpg
16,503617,"LOS ANGELES","LOS ANGELES BASIN",NULL,"Pictorial Coverage",NULL,los_angeles.jpg
1535,507405,"LOS ANGELES","LOS ANGELES BASIN",NULL,"Pictorial coverage. Imagery stored at Annex 2",NULL,los_angeles.jpg
25,503700,ORANGE,"ORANGE COUNTY",NULL,"Pictorial Coverage",NULL,
27,503002,"SAN DIEGO","CENTRAL COAST",NULL,"Partial Coverage",NULL,san_diego.jpg
28,503002,"SAN DIEGO","CAMP PENDLETON",NULL,NULL,NULL,san_diego.jpg
29,503002,"SAN DIEGO","ESCONDIDO & VICINITY",NULL,NULL,NULL,san_diego.jpg
30,503002,ORANGE,"ORANGE COUNTY",NULL,"Partial Coverage",NULL,
32,502357,"SANTA BARBARA","SANTA MARIA VALLEY",NULL,"North half of City of Santa Maria on Sheet 8",NULL,santa_barbara.jpg
33,503051,"SANTA BARBARA","CARPINTERIA VALLEY",P,NULL,NULL,santa_barbara.jpg
40,503051,"SANTA BARBARA","GOLETA VALLEY",P,NULL,NULL,santa_barbara.jpg
42,503051,"SANTA BARBARA","SANTA BARBARA/MONTECITO",P,NULL,NULL,santa_barbara.jpg
44,502322,KERN,"BAKERSFIELD & VICINITY",P,NULL,NULL,kern.jpg
45,502323,KERN,"BAKERSFIELD & VICINITY",P,NULL,NULL,kern.jpg
46,502324,KERN,"BAKERSFIELD & VICINITY",P,NULL,NULL,kern.jpg
47,502325,KERN,"BAKERSFIELD & VICINITY",P,NULL,NULL,kern.jpg
48,502486,KERN,"BAKERSFIELD & VICINITY",P,"Pictorial Coverage (1:36,000) of Bakersfield and Oildale. See index page 2",NULL,kern.jpg
49,502067,KERN,"BAKERSFIELD & VICINITY",NULL,NULL,NULL,kern.jpg
50,502076,KERN,"BAKERSFIELD & VICINITY",NULL,NULL,NULL,kern.jpg
51,502655,KERN,"BAKERSFIELD & VICINITY",NULL,"South half of Bakersfield Â ",NULL,kern.jpg
1510,502655,KERN,"WEST COUNTY",NULL,"Area south of Bakersfield Â ",NULL,kern.jpg
53,502668,KERN,"BAKERSFIELD & VICINITY",NULL,NULL,NULL,kern.jpg
54,502561,KERN,"WEST COUNTY",P,"Vicinity of Maricopa and Taft",NULL,kern.jpg
56,502323,KERN,"WEST COUNTY",P,NULL,NULL,kern.jpg
57,502325,KERN,"WEST COUNTY",P,NULL,NULL,kern.jpg
58,502486,KERN,"WEST COUNTY",P,"Pictorial coverge (1:36,000) of Delano, Fellows, McFarland and Taft .",NULL,kern.jpg
59,502067,KERN,"WEST COUNTY",NULL,NULL,NULL,kern.jpg
60,502076,KERN,"WEST COUNTY",NULL,NULL,NULL,kern.jpg
61,502668,KERN,"WEST COUNTY",NULL,NULL,NULL,kern.jpg
62,502455,"LOS ANGELES","CHANNEL ISLANDS",P,NULL,NULL,los_angeles.jpg
63,502365,"LOS ANGELES","CHANNEL ISLANDS",P,NULL,NULL,los_angeles.jpg
64,502110,"LOS ANGELES","CHANNEL ISLANDS",NULL,NULL,NULL,los_angeles.jpg
65,502667,"LOS ANGELES","CHANNEL ISLANDS",NULL,NULL,NULL,los_angeles.jpg
66,502668,"LOS ANGELES","CHANNEL ISLANDS",NULL,NULL,NULL,los_angeles.jpg
68,502438,"LOS ANGELES","LOS ANGELES BASIN",P,NULL,NULL,los_angeles.jpg
70,502400,"LOS ANGELES","LOS ANGELES BASIN",NULL,NULL,NULL,los_angeles.jpg
1494,502280,"LOS ANGELES","MALIBU/SANTA MONICA MOUNTAINS",NULL,NULL,NULL,los_angeles.jpg
1493,503691,"LOS ANGELES","MALIBU/SANTA MONICA MOUNTAINS",NULL,"Pictorial Coverage",NULL,los_angeles.jpg
1492,502366,"LOS ANGELES","MALIBU/SANTA MONICA MOUNTAINS",P,"See index pages 9 and 10",NULL,los_angeles.jpg
1473,503606,"LOS ANGELES","LOS ANGELES BASIN",NULL,"Pictorial Coverage",NULL,los_angeles.jpg
75,502365,"LOS ANGELES","LOS ANGELES BASIN",P,NULL,NULL,los_angeles.jpg
76,502424,"LOS ANGELES","LOS ANGELES BASIN",NULL,NULL,NULL,los_angeles.jpg
77,502425,"LOS ANGELES","LOS ANGELES BASIN",NULL,NULL,NULL,los_angeles.jpg
1487,503616,"LOS ANGELES","MALIBU/SANTA MONICA MOUNTAINS",NULL,"Pictorial Coverage",NULL,los_angeles.jpg
79,502428,"LOS ANGELES","LOS ANGELES BASIN",P,NULL,NULL,los_angeles.jpg
1485,503152,"LOS ANGELES","MALIBU/SANTA MONICA MOUNTAINS",P,NULL,NULL,los_angeles.jpg
1486,502810,"LOS ANGELES","MALIBU/SANTA MONICA MOUNTAINS",NULL,NULL,NULL,los_angeles.jpg
1478,502438,"LOS ANGELES","MALIBU/SANTA MONICA MOUNTAINS",P,"See index pages 16 and 17",NULL,los_angeles.jpg
1479,502451,"LOS ANGELES","MALIBU/SANTA MONICA MOUNTAINS",NULL,"Partial Coverage",NULL,los_angeles.jpg
1480,502582,"LOS ANGELES","MALIBU/SANTA MONICA MOUNTAINS",P,"See index page 5",NULL,los_angeles.jpg
1481,502365,"LOS ANGELES","MALIBU/SANTA MONICA MOUNTAINS",P,"See index pages 13 and 14",NULL,los_angeles.jpg
86,503029,"LOS ANGELES","LOS ANGELES BASIN",P,NULL,NULL,los_angeles.jpg
1472,503152,"LOS ANGELES","LOS ANGELES BASIN",NULL,NULL,NULL,los_angeles.jpg
93,502810,"LOS ANGELES","LOS ANGELES BASIN",NULL,NULL,NULL,los_angeles.jpg
96,502667,"LOS ANGELES","LOS ANGELES BASIN",NULL,NULL,NULL,los_angeles.jpg
100,502280,"LOS ANGELES","LOS ANGELES BASIN",NULL,"Partial Coverage",NULL,los_angeles.jpg
102,502668,"LOS ANGELES","LOS ANGELES BASIN",NULL,NULL,NULL,los_angeles.jpg
103,502438,"LOS ANGELES","SAN FERNANDO VALLEY",P,NULL,NULL,los_angeles.jpg
105,502456,"LOS ANGELES","MALIBU/SANTA MONICA MOUNTAINS",NULL,NULL,NULL,los_angeles.jpg
109,502365,"LOS ANGELES","SAN FERNANDO VALLEY",P,NULL,NULL,los_angeles.jpg
110,502424,"LOS ANGELES","SAN FERNANDO VALLEY",NULL,NULL,NULL,los_angeles.jpg
114,502428,"LOS ANGELES","SAN FERNANDO VALLEY",P,NULL,NULL,los_angeles.jpg
1491,503069,"LOS ANGELES","MALIBU/SANTA MONICA MOUNTAINS",NULL,NULL,NULL,los_angeles.jpg
119,502436,"LOS ANGELES","SAN FERNANDO VALLEY",NULL,NULL,NULL,los_angeles.jpg
121,503029,"LOS ANGELES","SAN FERNANDO VALLEY",P,NULL,NULL,los_angeles.jpg
1495,503563,"LOS ANGELES","SANTA CLARITA VALLEY",P,Newhall,NULL,los_angeles.jpg
124,502792,"LOS ANGELES","SAN FERNANDO VALLEY",P,NULL,NULL,los_angeles.jpg
125,503152,"LOS ANGELES","SAN FERNANDO VALLEY",P,NULL,NULL,los_angeles.jpg
126,503106,"LOS ANGELES","SAN FERNANDO VALLEY",P,NULL,NULL,los_angeles.jpg
128,502667,"LOS ANGELES","SAN FERNANDO VALLEY",NULL,NULL,NULL,los_angeles.jpg
130,502281,"LOS ANGELES","SAN FERNANDO VALLEY",NULL,"Partial Coverage",NULL,los_angeles.jpg
132,502668,"LOS ANGELES","SAN FERNANDO VALLEY",NULL,NULL,NULL,los_angeles.jpg
133,502438,"LOS ANGELES","NORTH COUNTY",P,"Not all photographs held in collection.",NULL,los_angeles.jpg
1474,506717,"LOS ANGELES","MALIBU/SANTA MONICA MOUNTAINS",NULL,"Point Dume and Malibu",NULL,los_angeles.jpg
135,502365,"LOS ANGELES","NORTH COUNTY",P,NULL,NULL,los_angeles.jpg
136,502366,"LOS ANGELES","NORTH COUNTY",P,NULL,NULL,los_angeles.jpg
137,503100,"LOS ANGELES","NORTH COUNTY",P,NULL,NULL,los_angeles.jpg
138,502810,"LOS ANGELES","NORTH COUNTY",NULL,NULL,NULL,los_angeles.jpg
1488,503727,"LOS ANGELES","MALIBU/SANTA MONICA MOUNTAINS",NULL,"Pictorial Coverage",NULL,los_angeles.jpg
140,502667,"LOS ANGELES","NORTH COUNTY",NULL,NULL,NULL,los_angeles.jpg
141,502668,"LOS ANGELES","NORTH COUNTY",NULL,NULL,NULL,los_angeles.jpg
142,502438,"LOS ANGELES","SANTA CLARITA VALLEY",P,NULL,NULL,los_angeles.jpg
143,502582,"LOS ANGELES","SANTA CLARITA VALLEY",P,NULL,NULL,los_angeles.jpg
144,502365,"LOS ANGELES","SANTA CLARITA VALLEY",P,NULL,NULL,los_angeles.jpg
1471,505335,"SANTA BARBARA","GAVIOTA/POINT CONCEPTION",P,NULL,NULL,santa_barbara.jpg
146,503024,"LOS ANGELES","SANTA CLARITA VALLEY- SAUGUS/NEWHALL",NULL,"Partial Coverage",NULL,los_angeles.jpg
150,502366,"LOS ANGELES","SANTA CLARITA VALLEY",P,NULL,NULL,los_angeles.jpg
151,502630,"LOS ANGELES","SANTA CLARITA VALLEY",P,"Partial Coverage",NULL,los_angeles.jpg
154,503100,"LOS ANGELES","SANTA CLARITA VALLEY",P,NULL,NULL,los_angeles.jpg
157,503152,"LOS ANGELES","SANTA CLARITA VALLEY",P,NULL,NULL,los_angeles.jpg
159,502810,"LOS ANGELES","SANTA CLARITA VALLEY",NULL,NULL,NULL,los_angeles.jpg
160,502667,"LOS ANGELES","SANTA CLARITA VALLEY",NULL,NULL,NULL,los_angeles.jpg
162,502280,"LOS ANGELES","SANTA CLARITA VALLEY",NULL,"Partial Coverage",NULL,los_angeles.jpg
164,502668,"LOS ANGELES","SANTA CLARITA VALLEY",NULL,NULL,NULL,los_angeles.jpg
165,502399,ORANGE,"ORANGE COUNTY",P,"Northwest section of county. Not all photographs held in collection.",NULL,
166,502400,ORANGE,"ORANGE COUNTY",NULL,"Western half of county",NULL,NULL
169,502367,ORANGE,"ORANGE COUNTY",P,NULL,NULL,
1521,507420,"SANTA BARBARA","CHANNEL ISLANDS",P,NULL,NULL,santa_barbara.jpg
175,502425,ORANGE,"ORANGE COUNTY",NULL,NULL,NULL,NULL
177,502428,ORANGE,"ORANGE COUNTY",NULL,NULL,NULL,NULL
1300,502362,VENTURA,"COASTAL VENTURA/OXNARD PLAIN",P,NULL,NULL,ventura.jpg
183,502792,ORANGE,"ORANGE COUNTY",P,NULL,NULL,
1518,507215,KERN,"WEST COUNTY",P,"Taft to McKittrick",NULL,kern.jpg
1517,507119,"SANTA BARBARA","LOS PADRES NATIONAL FOREST",P,"Painted Cave Fire area",NULL,santa_barbara.jpg
187,503153,ORANGE,"ORANGE COUNTY",P,NULL,NULL,
1514,507191,"SANTA BARBARA","LOMPOC VALLEY",P,NULL,NULL,santa_barbara.jpg
1515,507191,"SANTA BARBARA","SANTA YNEZ VALLEY",P,NULL,NULL,santa_barbara.jpg
1289,506229,"LOS ANGELES","CHANNEL ISLANDS",NULL,NULL,NULL,los_angeles.jpg
1529,507277,RIVERSIDE,"RIVERSIDE/CORONA METROPOLITAN AREAS",NULL,"Pictorial coverage. Imagery stored at Annex 2",NULL,riverside.jpg
196,502411,RIVERSIDE,"RIVERSIDE/CORONA METROPOLITAN AREAS",P,"Partial Coverage",NULL,riverside.jpg
199,502425,RIVERSIDE,"RIVERSIDE/CORONA METROPOLITAN AREAS",NULL,NULL,NULL,riverside.jpg
200,502374,RIVERSIDE,"RIVERSIDE/CORONA METROPOLITAN AREAS",P,NULL,NULL,riverside.jpg
201,502430,RIVERSIDE,"RIVERSIDE/CORONA METROPOLITAN AREAS",NULL,NULL,NULL,riverside.jpg
202,502375,RIVERSIDE,"RIVERSIDE/CORONA METROPOLITAN AREAS",P,NULL,NULL,riverside.jpg
204,502810,RIVERSIDE,"RIVERSIDE/CORONA METROPOLITAN AREAS",NULL,NULL,NULL,riverside.jpg
207,502667,RIVERSIDE,"RIVERSIDE/CORONA METROPOLITAN AREAS",NULL,NULL,NULL,riverside.jpg
208,502668,RIVERSIDE,"RIVERSIDE/CORONA METROPOLITAN AREAS",NULL,NULL,NULL,riverside.jpg
209,502457,"SAN BERNARDINO","SAN BERNARDINO VALLEY AREA",NULL,"San Bernardino and vicinity",NULL,san_bernardino.jpg
1504,506962,"SAN DIEGO","ESCONDIDO & VICINITY",NULL,NULL,NULL,san_diego.jpg
1505,506962,"SAN DIEGO","CENTRAL COAST",NULL,NULL,NULL,san_diego.jpg
1506,506962,"SAN DIEGO","CAMP PENDLETON",NULL,NULL,NULL,san_diego.jpg
212,502369,"SAN BERNARDINO","SAN BERNARDINO VALLEY AREA",P,NULL,NULL,san_bernardino.jpg
215,502370,"SAN BERNARDINO","SAN BERNARDINO VALLEY AREA",P,NULL,NULL,san_bernardino.jpg
219,503156,"SAN BERNARDINO","SAN BERNARDINO VALLEY AREA",P,"Fontana to Yucaipa",NULL,san_bernardino.jpg
220,502371,"SAN BERNARDINO","SAN BERNARDINO VALLEY AREA",P,"Rialto to Yucaipa",NULL,san_bernardino.jpg
1509,502667,KERN,"BAKERSFIELD & VICINITY",NULL,"Imagery available only in digital format",NULL,kern.jpg
223,502810,"SAN BERNARDINO","SAN BERNARDINO VALLEY AREA",NULL,NULL,NULL,san_bernardino.jpg
226,502667,"SAN BERNARDINO","SAN BERNARDINO VALLEY AREA",NULL,NULL,NULL,san_bernardino.jpg
227,502668,"SAN BERNARDINO","SAN BERNARDINO VALLEY AREA",NULL,NULL,NULL,san_bernardino.jpg
228,502452,"SAN DIEGO","CAMP PENDLETON",NULL,"Coastline only",NULL,san_diego.jpg
229,502376,"SAN DIEGO","CAMP PENDLETON",P,NULL,NULL,san_diego.jpg
230,503102,"SAN DIEGO","CAMP PENDLETON",P,"Partial Coverage",NULL,san_diego.jpg
240,502810,"SAN DIEGO","CAMP PENDLETON",NULL,NULL,NULL,san_diego.jpg
243,503154,"SAN DIEGO","CAMP PENDLETON",NULL,"Coastal only",NULL,san_diego.jpg
244,502667,"SAN DIEGO","CAMP PENDLETON",NULL,NULL,NULL,san_diego.jpg
247,502668,"SAN DIEGO","CAMP PENDLETON",NULL,NULL,NULL,san_diego.jpg
248,502417,"SAN DIEGO","CENTRAL COAST",P,"Oceanside, Carlsbad and Encinitas",NULL,san_diego.jpg
249,502450,"SAN DIEGO","CENTRAL COAST",NULL,"Oceanside to Del Mar. See index sheets ""AXN"".",NULL,san_diego.jpg
253,502376,"SAN DIEGO","CENTRAL COAST",P,NULL,NULL,san_diego.jpg
255,502425,"SAN DIEGO","CENTRAL COAST",NULL,"Oceanside to Mexico",NULL,san_diego.jpg
257,502529,"SAN DIEGO","CENTRAL COAST",P,"Partial Coverage",NULL,san_diego.jpg
1287,504655,VENTURA,"COASTAL VENTURA/OXNARD PLAIN",NULL,"Port Hueneme to Camarillo; Somis to Santa Susana",NULL,ventura.jpg
1299,502362,VENTURA,"LAKE CASITAS/OJAI VALLEY",P,NULL,NULL,ventura.jpg
262,503151,"SAN DIEGO","CENTRAL COAST",P,NULL,NULL,san_diego.jpg
1502,502709,"SAN DIEGO","CENTRAL COAST",NULL,NULL,NULL,san_diego.jpg
273,502667,"SAN DIEGO","CENTRAL COAST",NULL,NULL,NULL,san_diego.jpg
276,502668,"SAN DIEGO","CENTRAL COAST",NULL,NULL,NULL,san_diego.jpg
277,502376,"SAN DIEGO","ESCONDIDO & VICINITY",P,NULL,NULL,san_diego.jpg
281,503081,"SAN DIEGO","ESCONDIDO & VICINITY",P,NULL,NULL,san_diego.jpg
282,502529,"SAN DIEGO","ESCONDIDO & VICINITY",P,NULL,NULL,san_diego.jpg
285,502667,"SAN DIEGO","ESCONDIDO & VICINITY",NULL,NULL,NULL,san_diego.jpg
286,502668,"SAN DIEGO","ESCONDIDO & VICINITY",NULL,NULL,NULL,san_diego.jpg
289,502376,"SAN DIEGO","SAN DIEGO & VICINITY",P,NULL,NULL,san_diego.jpg
291,502425,"SAN DIEGO","SAN DIEGO & VICINITY",NULL,NULL,NULL,san_diego.jpg
292,502529,"SAN DIEGO","SAN DIEGO & VICINITY",P,NULL,NULL,san_diego.jpg
1288,506227,"LOS ANGELES","CHANNEL ISLANDS",NULL,NULL,NULL,los_angeles.jpg
306,503154,"SAN DIEGO","SAN DIEGO & VICINITY",NULL,"Partial Coverage",NULL,san_diego.jpg
307,502667,"SAN DIEGO","SAN DIEGO & VICINITY",NULL,"Partial Coverage",NULL,san_diego.jpg
308,502668,"SAN DIEGO","SAN DIEGO & VICINITY",NULL,NULL,NULL,san_diego.jpg
310,502357,"SAN LUIS OBISPO","SOUTH COUNTY",NULL,NULL,NULL,san_luis_obispo.jpg
312,502359,"SAN LUIS OBISPO","SOUTH COUNTY",P,NULL,NULL,san_luis_obispo.jpg
314,503009,"SAN LUIS OBISPO","SOUTH COUNTY",P,"Pictorial Coverage",NULL,san_luis_obispo.jpg
319,503046,"SAN LUIS OBISPO","SOUTH COUNTY",P,Nipomo,NULL,san_luis_obispo.jpg
321,503144,"SAN LUIS OBISPO","SOUTH COUNTY",P,"Shell Beach to Arroyo Grande",NULL,san_luis_obispo.jpg
323,502361,"SAN LUIS OBISPO","SOUTH COUNTY",P,NULL,NULL,san_luis_obispo.jpg
327,502338,"SAN LUIS OBISPO","SOUTH COUNTY",P,"Gaviota to Avila Beach",NULL,san_luis_obispo.jpg
332,502077,"SAN LUIS OBISPO","SOUTH COUNTY",NULL,NULL,NULL,san_luis_obispo.jpg
334,502804,"SAN LUIS OBISPO","SOUTH COUNTY",NULL,NULL,NULL,san_luis_obispo.jpg
336,502714,"SAN LUIS OBISPO","SOUTH COUNTY",NULL,"Partial Coverage",NULL,san_luis_obispo.jpg
339,502667,"SAN LUIS OBISPO","SOUTH COUNTY",NULL,NULL,NULL,san_luis_obispo.jpg
345,502668,"SAN LUIS OBISPO","SOUTH COUNTY",NULL,NULL,NULL,san_luis_obispo.jpg
346,502357,"SAN LUIS OBISPO","ATASCADERO & VICINITY",NULL,NULL,NULL,san_luis_obispo.jpg
347,502359,"SAN LUIS OBISPO","ATASCADERO & VICINITY",P,NULL,NULL,san_luis_obispo.jpg
349,502360,"SAN LUIS OBISPO","ATASCADERO & VICINITY",P,NULL,NULL,san_luis_obispo.jpg
352,502361,"SAN LUIS OBISPO","ATASCADERO & VICINITY",P,NULL,NULL,san_luis_obispo.jpg
353,503116,"SAN LUIS OBISPO","ATASCADERO & VICINITY",P,Atascadero,NULL,san_luis_obispo.jpg
355,502078,"SAN LUIS OBISPO","ATASCADERO & VICINITY",NULL,NULL,NULL,san_luis_obispo.jpg
356,502804,"SAN LUIS OBISPO","ATASCADERO & VICINITY",NULL,NULL,NULL,san_luis_obispo.jpg
358,502607,"SAN LUIS OBISPO","ATASCADERO & VICINITY",P,NULL,NULL,san_luis_obispo.jpg
359,502667,"SAN LUIS OBISPO","ATASCADERO & VICINITY",NULL,NULL,NULL,san_luis_obispo.jpg
362,502252,"SAN LUIS OBISPO","ATASCADERO & VICINITY",NULL,NULL,NULL,san_luis_obispo.jpg
364,502668,"SAN LUIS OBISPO","ATASCADERO & VICINITY",NULL,NULL,NULL,san_luis_obispo.jpg
366,502408,"SAN LUIS OBISPO","CARRIZO PLAIN & VICINITY",NULL,"Partial Coverage",NULL,san_luis_obispo.jpg
367,502359,"SAN LUIS OBISPO","CARRIZO PLAIN & VICINITY",P,NULL,NULL,san_luis_obispo.jpg
368,502360,"SAN LUIS OBISPO","CARRIZO PLAIN & VICINITY",P,NULL,NULL,san_luis_obispo.jpg
370,502361,"SAN LUIS OBISPO","CARRIZO PLAIN & VICINITY",P,NULL,NULL,san_luis_obispo.jpg
371,502804,"SAN LUIS OBISPO","CARRIZO PLAIN & VICINITY",NULL,NULL,NULL,san_luis_obispo.jpg
373,502667,"SAN LUIS OBISPO","CARRIZO PLAIN & VICINITY",NULL,NULL,NULL,san_luis_obispo.jpg
375,502668,"SAN LUIS OBISPO","CARRIZO PLAIN & VICINITY",NULL,NULL,NULL,san_luis_obispo.jpg
379,503013,"SAN LUIS OBISPO","NORTH COAST",P,"Lake Nacimiento",NULL,san_luis_obispo.jpg
389,502357,"SAN LUIS OBISPO","LOS PADRES NATIONAL FOREST",NULL,"Partial Coverage",NULL,san_luis_obispo.jpg
390,502359,"SAN LUIS OBISPO","LOS PADRES NATIONAL FOREST",P,NULL,NULL,san_luis_obispo.jpg
391,502360,"SAN LUIS OBISPO","LOS PADRES NATIONAL FOREST",P,"Partial Coverage",NULL,san_luis_obispo.jpg
392,502575,"SAN LUIS OBISPO","LOS PADRES NATIONAL FOREST",P,NULL,NULL,san_luis_obispo.jpg
394,502801,"SAN LUIS OBISPO","LOS PADRES NATIONAL FOREST",P,NULL,NULL,san_luis_obispo.jpg
399,502667,"SAN LUIS OBISPO","LOS PADRES NATIONAL FOREST",NULL,NULL,NULL,san_luis_obispo.jpg
402,502252,"SAN LUIS OBISPO","LOS PADRES NATIONAL FOREST",NULL,"Partial Coverage",NULL,san_luis_obispo.jpg
404,502668,"SAN LUIS OBISPO","LOS PADRES NATIONAL FOREST",NULL,NULL,NULL,san_luis_obispo.jpg
405,502357,"SAN LUIS OBISPO","MORRO BAY & VICINITY",NULL,NULL,NULL,san_luis_obispo.jpg
407,502359,"SAN LUIS OBISPO","MORRO BAY & VICINITY",P,NULL,NULL,san_luis_obispo.jpg
408,503005,"SAN LUIS OBISPO","MORRO BAY & VICINITY",P,"See Index Sheet 2",NULL,san_luis_obispo.jpg
411,502361,"SAN LUIS OBISPO","MORRO BAY & VICINITY",P,NULL,NULL,san_luis_obispo.jpg
414,503060,"SAN LUIS OBISPO","MORRO BAY & VICINITY",P,"Morro Bay and Los Osos",NULL,san_luis_obispo.jpg
417,502108,"SAN LUIS OBISPO","MORRO BAY & VICINITY",NULL,NULL,NULL,san_luis_obispo.jpg
419,502804,"SAN LUIS OBISPO","MORRO BAY & VICINITY",NULL,NULL,NULL,san_luis_obispo.jpg
422,502607,"SAN LUIS OBISPO","MORRO BAY & VICINITY",P,NULL,NULL,san_luis_obispo.jpg
423,502667,"SAN LUIS OBISPO","MORRO BAY & VICINITY",NULL,NULL,NULL,san_luis_obispo.jpg
426,502252,"SAN LUIS OBISPO","MORRO BAY & VICINITY",NULL,NULL,NULL,san_luis_obispo.jpg
429,502668,"SAN LUIS OBISPO","MORRO BAY & VICINITY",NULL,NULL,NULL,san_luis_obispo.jpg
430,502357,"SAN LUIS OBISPO","NORTH COAST",NULL,NULL,NULL,san_luis_obispo.jpg
431,502359,"SAN LUIS OBISPO","NORTH COAST",P,NULL,NULL,san_luis_obispo.jpg
432,502361,"SAN LUIS OBISPO","NORTH COAST",P,"Partial Coverage",NULL,san_luis_obispo.jpg
435,502108,"SAN LUIS OBISPO","NORTH COAST",NULL,"Partial Coverage",NULL,san_luis_obispo.jpg
437,502804,"SAN LUIS OBISPO","NORTH COAST",NULL,NULL,NULL,san_luis_obispo.jpg
440,502667,"SAN LUIS OBISPO","NORTH COAST",NULL,NULL,NULL,san_luis_obispo.jpg
442,502668,"SAN LUIS OBISPO","NORTH COAST",NULL,NULL,NULL,san_luis_obispo.jpg
444,502357,"SAN LUIS OBISPO","PASO ROBLES",NULL,NULL,NULL,san_luis_obispo.jpg
446,502359,"SAN LUIS OBISPO","PASO ROBLES",P,NULL,NULL,san_luis_obispo.jpg
449,502360,"SAN LUIS OBISPO","PASO ROBLES",P,NULL,NULL,san_luis_obispo.jpg
450,503142,"SAN LUIS OBISPO","PASO ROBLES",P,"City of Paso Robles",NULL,san_luis_obispo.jpg
452,502361,"SAN LUIS OBISPO","PASO ROBLES",P,NULL,NULL,san_luis_obispo.jpg
453,503119,"SAN LUIS OBISPO","PASO ROBLES",P,"City of Paso Robles ",NULL,san_luis_obispo.jpg
455,502804,"SAN LUIS OBISPO","PASO ROBLES",NULL,NULL,NULL,san_luis_obispo.jpg
457,502607,"SAN LUIS OBISPO","PASO ROBLES",P,NULL,NULL,san_luis_obispo.jpg
458,502667,"SAN LUIS OBISPO","PASO ROBLES",NULL,NULL,NULL,san_luis_obispo.jpg
460,502668,"SAN LUIS OBISPO","PASO ROBLES",NULL,NULL,NULL,san_luis_obispo.jpg
461,502357,"SAN LUIS OBISPO","SAN LUIS OBISPO",NULL,NULL,NULL,san_luis_obispo.jpg
462,502359,"SAN LUIS OBISPO","SAN LUIS OBISPO",P,NULL,NULL,san_luis_obispo.jpg
463,503005,"SAN LUIS OBISPO","SAN LUIS OBISPO",P,NULL,NULL,san_luis_obispo.jpg
465,503044,"SAN LUIS OBISPO","SAN LUIS OBISPO",P,NULL,NULL,san_luis_obispo.jpg
467,502361,"SAN LUIS OBISPO","SAN LUIS OBISPO",P,NULL,NULL,san_luis_obispo.jpg
468,503061,"SAN LUIS OBISPO","SAN LUIS OBISPO",P,"Partial Coverage",NULL,san_luis_obispo.jpg
471,502804,"SAN LUIS OBISPO","SAN LUIS OBISPO",NULL,NULL,NULL,san_luis_obispo.jpg
474,502607,"SAN LUIS OBISPO","SAN LUIS OBISPO",P,NULL,NULL,san_luis_obispo.jpg
475,502667,"SAN LUIS OBISPO","SAN LUIS OBISPO",NULL,NULL,NULL,san_luis_obispo.jpg
480,502668,"SAN LUIS OBISPO","SAN LUIS OBISPO",NULL,NULL,NULL,san_luis_obispo.jpg
481,502450,"SAN LUIS OBISPO","SHANDON & VICINITY",NULL,"Area north of Shandon",NULL,san_luis_obispo.jpg
482,502408,"SAN LUIS OBISPO","SHANDON & VICINITY",NULL,"Partial Coverage",NULL,san_luis_obispo.jpg
483,502359,"SAN LUIS OBISPO","SHANDON & VICINITY",P,NULL,NULL,san_luis_obispo.jpg
484,502360,"SAN LUIS OBISPO","SHANDON & VICINITY",P,NULL,NULL,san_luis_obispo.jpg
485,502361,"SAN LUIS OBISPO","SHANDON & VICINITY",P,NULL,NULL,san_luis_obispo.jpg
486,502804,"SAN LUIS OBISPO","SHANDON & VICINITY",NULL,NULL,NULL,san_luis_obispo.jpg
488,502607,"SAN LUIS OBISPO","SHANDON & VICINITY",P,NULL,NULL,san_luis_obispo.jpg
489,502667,"SAN LUIS OBISPO","SHANDON & VICINITY",NULL,NULL,NULL,san_luis_obispo.jpg
491,502668,"SAN LUIS OBISPO","SHANDON & VICINITY",NULL,NULL,NULL,san_luis_obispo.jpg
493,502442,"SANTA BARBARA","CARPINTERIA VALLEY",P,NULL,NULL,santa_barbara.jpg
494,502444,"SANTA BARBARA","CARPINTERIA VALLEY",P,NULL,NULL,santa_barbara.jpg
495,502381,"SANTA BARBARA","CARPINTERIA VALLEY",P,"Partial Coverage",NULL,santa_barbara.jpg
498,502582,"SANTA BARBARA","CARPINTERIA VALLEY",P,NULL,NULL,santa_barbara.jpg
499,502382,"SANTA BARBARA","CARPINTERIA VALLEY",P,NULL,NULL,santa_barbara.jpg
501,502624,"SANTA BARBARA","CARPINTERIA VALLEY",P,"photographs are 9""x18""",NULL,santa_barbara.jpg
504,502383,"SANTA BARBARA","CARPINTERIA VALLEY",P,NULL,NULL,santa_barbara.jpg
506,503038,"SANTA BARBARA","CARPINTERIA VALLEY",P,NULL,NULL,santa_barbara.jpg
511,502635,"SANTA BARBARA","CARPINTERIA VALLEY",P,NULL,NULL,santa_barbara.jpg
512,502384,"SANTA BARBARA","CARPINTERIA VALLEY",P,NULL,NULL,santa_barbara.jpg
514,503123,"SANTA BARBARA","CARPINTERIA VALLEY",P,NULL,NULL,santa_barbara.jpg
1335,503727,SACRAMENTO,"CENTRAL VALLEY",NULL,NULL,NULL,
1323,502308,"SAN JOAQUIN","CENTRAL VALLEY",NULL,NULL,NULL,
1322,503108,"SAN JOAQUIN","CENTRAL VALLEY",NULL,"West half of County",NULL,
524,503066,"SANTA BARBARA","CARPINTERIA VALLEY",P,NULL,NULL,santa_barbara.jpg
536,502801,"SANTA BARBARA","CARPINTERIA VALLEY",P,NULL,NULL,santa_barbara.jpg
542,502810,"SANTA BARBARA","CARPINTERIA VALLEY",NULL,NULL,NULL,santa_barbara.jpg
545,504064,"SANTA BARBARA","CARPINTERIA VALLEY",NULL,NULL,NULL,santa_barbara.jpg
548,502809,"SANTA BARBARA","CARPINTERIA VALLEY",P,NULL,NULL,santa_barbara.jpg
549,502667,"SANTA BARBARA","CARPINTERIA VALLEY",NULL,NULL,NULL,santa_barbara.jpg
551,502668,"SANTA BARBARA","CARPINTERIA VALLEY",NULL,NULL,NULL,santa_barbara.jpg
556,502380,"SANTA BARBARA","CHANNEL ISLANDS",P,NULL,NULL,santa_barbara.jpg
557,502382,"SANTA BARBARA","CHANNEL ISLANDS",P,NULL,NULL,santa_barbara.jpg
559,503039,"SANTA BARBARA","CHANNEL ISLANDS",P,NULL,NULL,santa_barbara.jpg
560,502107,"SANTA BARBARA","CHANNEL ISLANDS",NULL,NULL,NULL,santa_barbara.jpg
565,502667,"SANTA BARBARA","CHANNEL ISLANDS",NULL,NULL,NULL,santa_barbara.jpg
566,502270,"SANTA BARBARA","CHANNEL ISLANDS",NULL,NULL,NULL,santa_barbara.jpg
567,502668,"SANTA BARBARA","CHANNEL ISLANDS",NULL,NULL,NULL,santa_barbara.jpg
1470,502445,"SANTA BARBARA","CUYAMA VALLEY",NULL,NULL,NULL,santa_barbara.jpg
571,502380,"SANTA BARBARA","CUYAMA VALLEY",P,NULL,NULL,santa_barbara.jpg
572,502405,"SANTA BARBARA","CUYAMA VALLEY",P,"Pictorial Coverage",NULL,santa_barbara.jpg
573,502382,"SANTA BARBARA","CUYAMA VALLEY",P,NULL,NULL,santa_barbara.jpg
575,502383,"SANTA BARBARA","CUYAMA VALLEY",P,NULL,NULL,santa_barbara.jpg
576,502384,"SANTA BARBARA","CUYAMA VALLEY",P,NULL,NULL,santa_barbara.jpg
577,502801,"SANTA BARBARA","CUYAMA VALLEY",P,"Partial Coverage",NULL,santa_barbara.jpg
581,502810,"SANTA BARBARA","CUYAMA VALLEY",NULL,"Partial Coverage",NULL,santa_barbara.jpg
584,504064,"SANTA BARBARA","CUYAMA VALLEY",NULL,"Partial Coverage",NULL,santa_barbara.jpg
587,502667,"SANTA BARBARA","CUYAMA VALLEY",NULL,NULL,NULL,santa_barbara.jpg
588,502668,"SANTA BARBARA","CUYAMA VALLEY",NULL,NULL,NULL,santa_barbara.jpg
590,502439,"SANTA BARBARA","GAVIOTA/POINT CONCEPTION",P,NULL,NULL,santa_barbara.jpg
592,502444,"SANTA BARBARA","GAVIOTA/POINT CONCEPTION",P,NULL,NULL,santa_barbara.jpg
593,502381,"SANTA BARBARA","GAVIOTA/POINT CONCEPTION",P,NULL,NULL,santa_barbara.jpg
596,502582,"SANTA BARBARA","GAVIOTA/POINT CONCEPTION",P,NULL,NULL,santa_barbara.jpg
598,502382,"SANTA BARBARA","GAVIOTA/POINT CONCEPTION",P,NULL,NULL,santa_barbara.jpg
600,502618,"SANTA BARBARA","GAVIOTA/POINT CONCEPTION",P,NULL,NULL,santa_barbara.jpg
602,502384,"SANTA BARBARA","GAVIOTA/POINT CONCEPTION",P,"Partial Coverage",NULL,santa_barbara.jpg
605,503105,"SANTA BARBARA","GAVIOTA/POINT CONCEPTION",P,"Hollister Ranch and Gaviota State Park",NULL,santa_barbara.jpg
608,503151,"SANTA BARBARA","GAVIOTA/POINT CONCEPTION",P,NULL,NULL,santa_barbara.jpg
617,502806,"SANTA BARBARA","GAVIOTA/POINT CONCEPTION",NULL,NULL,NULL,santa_barbara.jpg
619,502810,"SANTA BARBARA","GAVIOTA/POINT CONCEPTION",NULL,NULL,NULL,santa_barbara.jpg
625,502667,"SANTA BARBARA","GAVIOTA/POINT CONCEPTION",NULL,NULL,NULL,santa_barbara.jpg
630,502668,"SANTA BARBARA","GAVIOTA/POINT CONCEPTION",NULL,NULL,NULL,santa_barbara.jpg
632,502439,"SANTA BARBARA","GOLETA VALLEY",P,"Goleta Point to Gaviota",NULL,santa_barbara.jpg
633,502440,"SANTA BARBARA","GOLETA VALLEY",P,NULL,NULL,santa_barbara.jpg
634,502442,"SANTA BARBARA","GOLETA VALLEY",P,NULL,NULL,santa_barbara.jpg
635,502444,"SANTA BARBARA","GOLETA VALLEY",P,NULL,NULL,santa_barbara.jpg
637,502381,"SANTA BARBARA","GOLETA VALLEY",P,NULL,NULL,santa_barbara.jpg
638,502582,"SANTA BARBARA","GOLETA VALLEY",P,NULL,NULL,santa_barbara.jpg
640,502617,"SANTA BARBARA","GOLETA VALLEY",P,NULL,NULL,santa_barbara.jpg
641,502382,"SANTA BARBARA","GOLETA VALLEY",P,NULL,NULL,santa_barbara.jpg
642,502618,"SANTA BARBARA","GOLETA VALLEY",P,NULL,NULL,santa_barbara.jpg
644,502624,"SANTA BARBARA","GOLETA VALLEY",P,"photographs are 9""x18""",NULL,santa_barbara.jpg
646,502383,"SANTA BARBARA","GOLETA VALLEY",P,NULL,NULL,santa_barbara.jpg
648,503038,"SANTA BARBARA","GOLETA VALLEY",P,NULL,NULL,santa_barbara.jpg
652,502635,"SANTA BARBARA","GOLETA VALLEY",P,NULL,NULL,santa_barbara.jpg
654,502384,"SANTA BARBARA","GOLETA VALLEY",P,NULL,NULL,santa_barbara.jpg
658,503123,"SANTA BARBARA","GOLETA VALLEY",P,NULL,NULL,santa_barbara.jpg
663,502645,"SANTA BARBARA","GOLETA VALLEY",P,"Santa Barbara to Ellwood, south of US101",NULL,santa_barbara.jpg
670,503151,"SANTA BARBARA","GOLETA VALLEY",P,NULL,NULL,santa_barbara.jpg
676,502712,"SANTA BARBARA","GOLETA VALLEY",NULL,NULL,NULL,santa_barbara.jpg
680,502801,"SANTA BARBARA","GOLETA VALLEY",P,"Partial Coverage",NULL,santa_barbara.jpg
1497,506989,"SANTA BARBARA","GOLETA VALLEY",P,NULL,NULL,santa_barbara.jpg
1498,504428,"SANTA BARBARA","SANTA BARBARA/MONTECITO",NULL,"Partial Coverage",NULL,santa_barbara.jpg
685,502810,"SANTA BARBARA","GOLETA VALLEY",NULL,NULL,NULL,santa_barbara.jpg
694,502809,"SANTA BARBARA","GOLETA VALLEY",P,"Partial Coverage",NULL,santa_barbara.jpg
695,502667,"SANTA BARBARA","GOLETA VALLEY",NULL,NULL,NULL,santa_barbara.jpg
700,502668,"SANTA BARBARA","GOLETA VALLEY",NULL,NULL,NULL,santa_barbara.jpg
704,502444,"SANTA BARBARA","LOMPOC VALLEY",P,NULL,NULL,santa_barbara.jpg
705,502381,"SANTA BARBARA","LOMPOC VALLEY",P,NULL,NULL,santa_barbara.jpg
706,502663,"SANTA BARBARA","LOMPOC VALLEY",P,"Pictorial coverage",NULL,santa_barbara.jpg
707,502382,"SANTA BARBARA","LOMPOC VALLEY",P,NULL,NULL,santa_barbara.jpg
708,502618,"SANTA BARBARA","LOMPOC VALLEY",P,NULL,NULL,santa_barbara.jpg
709,502622,"SANTA BARBARA","LOMPOC VALLEY",P,NULL,NULL,santa_barbara.jpg
711,502383,"SANTA BARBARA","LOMPOC VALLEY",P,NULL,NULL,santa_barbara.jpg
712,503018,"SANTA BARBARA","LOMPOC VALLEY",P,"City of Lompoc ",NULL,santa_barbara.jpg
714,503050,"SANTA BARBARA","LOMPOC VALLEY",P,NULL,NULL,santa_barbara.jpg
716,502384,"SANTA BARBARA","LOMPOC VALLEY",P,NULL,NULL,santa_barbara.jpg
717,503136,"SANTA BARBARA","LOMPOC VALLEY",P,NULL,NULL,santa_barbara.jpg
720,502332,"SANTA BARBARA","LOMPOC VALLEY",P,NULL,NULL,santa_barbara.jpg
722,502806,"SANTA BARBARA","LOMPOC VALLEY",NULL,NULL,NULL,santa_barbara.jpg
724,502810,"SANTA BARBARA","LOMPOC VALLEY",NULL,NULL,NULL,santa_barbara.jpg
727,502667,"SANTA BARBARA","LOMPOC VALLEY",NULL,NULL,NULL,santa_barbara.jpg
730,502260,"SANTA BARBARA","LOMPOC VALLEY",NULL,"Partial Coverage",NULL,santa_barbara.jpg
731,502668,"SANTA BARBARA","LOMPOC VALLEY",NULL,NULL,NULL,santa_barbara.jpg
733,502444,"SANTA BARBARA","LOS PADRES NATIONAL FOREST",P,"Partial Coverage",NULL,santa_barbara.jpg
734,502447,"SANTA BARBARA","LOS PADRES NATIONAL FOREST",P,"Pictorial Coverage",NULL,santa_barbara.jpg
735,502381,"SANTA BARBARA","LOS PADRES NATIONAL FOREST",P,"Partial Coverage",NULL,santa_barbara.jpg
737,502382,"SANTA BARBARA","LOS PADRES NATIONAL FOREST",P,NULL,NULL,santa_barbara.jpg
739,502384,"SANTA BARBARA","LOS PADRES NATIONAL FOREST",P,"Forest edges and Santa Ynez River area",NULL,santa_barbara.jpg
740,502575,"SANTA BARBARA","LOS PADRES NATIONAL FOREST",P,NULL,NULL,santa_barbara.jpg
743,502806,"SANTA BARBARA","LOS PADRES NATIONAL FOREST",NULL,NULL,NULL,santa_barbara.jpg
1458,506750,"SAN MATEO","SAN MATEO COUNTY",NULL,"Partial Coverage",NULL,NULL
745,502175,"SANTA BARBARA","LOS PADRES NATIONAL FOREST",NULL,NULL,NULL,santa_barbara.jpg
749,502667,"SANTA BARBARA","LOS PADRES NATIONAL FOREST",NULL,NULL,NULL,santa_barbara.jpg
750,502668,"SANTA BARBARA","LOS PADRES NATIONAL FOREST",NULL,NULL,NULL,santa_barbara.jpg
751,502440,"SANTA BARBARA","SANTA BARBARA/MONTECITO",P,NULL,NULL,santa_barbara.jpg
752,502442,"SANTA BARBARA","SANTA BARBARA/MONTECITO",P,NULL,NULL,santa_barbara.jpg
753,502444,"SANTA BARBARA","SANTA BARBARA/MONTECITO",P,NULL,NULL,santa_barbara.jpg
754,502381,"SANTA BARBARA","SANTA BARBARA/MONTECITO",P,NULL,NULL,santa_barbara.jpg
757,502582,"SANTA BARBARA","SANTA BARBARA/MONTECITO",P,NULL,NULL,santa_barbara.jpg
759,502539,"SANTA BARBARA","SANTA BARBARA/MONTECITO",P,"Partial Coverage",NULL,santa_barbara.jpg
760,502382,"SANTA BARBARA","SANTA BARBARA/MONTECITO",P,NULL,NULL,santa_barbara.jpg
762,502618,"SANTA BARBARA","SANTA BARBARA/MONTECITO",P,NULL,NULL,santa_barbara.jpg
763,502624,"SANTA BARBARA","SANTA BARBARA/MONTECITO",P,"photographs are 9""x18""",NULL,santa_barbara.jpg
765,502383,"SANTA BARBARA","SANTA BARBARA/MONTECITO",P,NULL,NULL,santa_barbara.jpg
767,503038,"SANTA BARBARA","SANTA BARBARA/MONTECITO",P,NULL,NULL,santa_barbara.jpg
770,502635,"SANTA BARBARA","SANTA BARBARA/MONTECITO",P,NULL,NULL,santa_barbara.jpg
772,502384,"SANTA BARBARA","SANTA BARBARA/MONTECITO",P,NULL,NULL,santa_barbara.jpg
778,502336,"SANTA BARBARA","SANTA BARBARA/MONTECITO",P,NULL,NULL,santa_barbara.jpg
781,502644,"SANTA BARBARA","SANTA BARBARA/MONTECITO",P,NULL,NULL,santa_barbara.jpg
788,503066,"SANTA BARBARA","SANTA BARBARA/MONTECITO",P,NULL,NULL,santa_barbara.jpg
789,503151,"SANTA BARBARA","SANTA BARBARA/MONTECITO",P,NULL,NULL,santa_barbara.jpg
795,502712,"SANTA BARBARA","SANTA BARBARA/MONTECITO",NULL,NULL,NULL,santa_barbara.jpg
800,502801,"SANTA BARBARA","SANTA BARBARA/MONTECITO",P,NULL,NULL,santa_barbara.jpg
1520,503793,"LOS ANGELES","MALIBU/SANTA MONICA MOUNTAINS",P,NULL,NULL,los_angeles.jpg
805,502810,"SANTA BARBARA","SANTA BARBARA/MONTECITO",NULL,NULL,NULL,santa_barbara.jpg
813,502809,"SANTA BARBARA","SANTA BARBARA/MONTECITO",P,"Partial Coverage",NULL,santa_barbara.jpg
814,502667,"SANTA BARBARA","SANTA BARBARA/MONTECITO",NULL,NULL,NULL,santa_barbara.jpg
816,502668,"SANTA BARBARA","SANTA BARBARA/MONTECITO",NULL,NULL,NULL,santa_barbara.jpg
817,506989,"SANTA BARBARA","SANTA BARBARA/MONTECITO",P,NULL,NULL,santa_barbara.jpg
820,502444,"SANTA BARBARA","SANTA MARIA VALLEY",P,NULL,NULL,santa_barbara.jpg
821,502816,"SANTA BARBARA","SANTA MARIA VALLEY",NULL,"Pictorial coverage of City of Santa Maria",NULL,santa_barbara.jpg
822,502381,"SANTA BARBARA","SANTA MARIA VALLEY",P,NULL,NULL,santa_barbara.jpg
824,502382,"SANTA BARBARA","SANTA MARIA VALLEY",P,NULL,NULL,santa_barbara.jpg
825,502618,"SANTA BARBARA","SANTA MARIA VALLEY",P,"Santa Maria photography is 1:9,600",NULL,santa_barbara.jpg
828,503009,"SANTA BARBARA","SANTA MARIA VALLEY",P,NULL,NULL,santa_barbara.jpg
829,502383,"SANTA BARBARA","SANTA MARIA VALLEY",P,NULL,NULL,santa_barbara.jpg
830,502432,"SANTA BARBARA","SANTA MARIA VALLEY",NULL,"South half of city of Santa Maria; sections of oil fields east and west of city.",NULL,santa_barbara.jpg
832,502384,"SANTA BARBARA","SANTA MARIA VALLEY",P,NULL,NULL,santa_barbara.jpg
834,503125,"SANTA BARBARA","SANTA MARIA VALLEY",P,NULL,NULL,santa_barbara.jpg
840,502332,"SANTA BARBARA","SANTA MARIA VALLEY",P,"Southwest section of Santa Maria Valley",NULL,santa_barbara.jpg
843,502806,"SANTA BARBARA","SANTA MARIA VALLEY",NULL,NULL,NULL,santa_barbara.jpg
845,502810,"SANTA BARBARA","SANTA MARIA VALLEY",NULL,NULL,NULL,santa_barbara.jpg
848,502221,"SANTA BARBARA","SANTA MARIA VALLEY",NULL,NULL,NULL,santa_barbara.jpg
850,502667,"SANTA BARBARA","SANTA MARIA VALLEY",NULL,NULL,NULL,santa_barbara.jpg
851,502247,"SANTA BARBARA","SANTA MARIA VALLEY",NULL,NULL,NULL,santa_barbara.jpg
854,502260,"SANTA BARBARA","SANTA MARIA VALLEY",NULL,NULL,NULL,santa_barbara.jpg
855,502668,"SANTA BARBARA","SANTA MARIA VALLEY",NULL,NULL,NULL,santa_barbara.jpg
1516,507119,"SANTA BARBARA","GOLETA VALLEY",P,"Painted Cave Fire area",NULL,santa_barbara.jpg
858,502444,"SANTA BARBARA","SANTA YNEZ VALLEY",P,NULL,NULL,santa_barbara.jpg
859,502380,"SANTA BARBARA","SANTA YNEZ VALLEY",P,NULL,NULL,santa_barbara.jpg
860,502381,"SANTA BARBARA","SANTA YNEZ VALLEY",P,"Partial Coverage",NULL,santa_barbara.jpg
863,502382,"SANTA BARBARA","SANTA YNEZ VALLEY",P,NULL,NULL,santa_barbara.jpg
865,502618,"SANTA BARBARA","SANTA YNEZ VALLEY",P,NULL,NULL,santa_barbara.jpg
867,503007,"SANTA BARBARA","SANTA YNEZ VALLEY",P,NULL,NULL,santa_barbara.jpg
868,502383,"SANTA BARBARA","SANTA YNEZ VALLEY",P,"Partial Coverage",NULL,santa_barbara.jpg
870,502384,"SANTA BARBARA","SANTA YNEZ VALLEY",P,NULL,NULL,santa_barbara.jpg
871,502640,"SANTA BARBARA","SANTA YNEZ VALLEY",P,"Buellton to Solvang",NULL,santa_barbara.jpg
875,502648,"SANTA BARBARA","SANTA YNEZ VALLEY",P,"Buellton to Solvang",NULL,santa_barbara.jpg
877,503067,"SANTA BARBARA","SANTA YNEZ VALLEY",P,"Partial Coverage",NULL,santa_barbara.jpg
878,502334,"SANTA BARBARA","SANTA YNEZ VALLEY",P,"Pictorial Coverage",NULL,santa_barbara.jpg
879,502806,"SANTA BARBARA","SANTA YNEZ VALLEY",NULL,NULL,NULL,santa_barbara.jpg
881,502810,"SANTA BARBARA","SANTA YNEZ VALLEY",NULL,NULL,NULL,santa_barbara.jpg
885,502667,"SANTA BARBARA","SANTA YNEZ VALLEY",NULL,NULL,NULL,santa_barbara.jpg
886,502247,"SANTA BARBARA","SANTA YNEZ VALLEY",NULL,"Partial Coverage",NULL,santa_barbara.jpg
889,502260,"SANTA BARBARA","SANTA YNEZ VALLEY",NULL,"Partial Coverage",NULL,santa_barbara.jpg
890,502668,"SANTA BARBARA","SANTA YNEZ VALLEY",NULL,NULL,NULL,santa_barbara.jpg
893,502444,"SANTA BARBARA","VANDENBERG AIR FORCE BASE",P,NULL,NULL,santa_barbara.jpg
894,502381,"SANTA BARBARA","VANDENBERG AIR FORCE BASE",P,"Partial Coverage",NULL,santa_barbara.jpg
895,502382,"SANTA BARBARA","VANDENBERG AIR FORCE BASE",P,NULL,NULL,santa_barbara.jpg
896,502618,"SANTA BARBARA","VANDENBERG AIR FORCE BASE",P,NULL,NULL,santa_barbara.jpg
898,503010,"SANTA BARBARA","VANDENBERG AIR FORCE BASE",P,"Partial Coverage",NULL,santa_barbara.jpg
899,502332,"SANTA BARBARA","VANDENBERG AIR FORCE BASE",P,NULL,NULL,santa_barbara.jpg
901,502806,"SANTA BARBARA","VANDENBERG AIR FORCE BASE",NULL,NULL,NULL,santa_barbara.jpg
1464,504336,VENTURA,"SANTA CLARA RIVER VALLEY",P,"Fillmore to Piru",NULL,ventura.jpg
903,502810,"SANTA BARBARA","VANDENBERG AIR FORCE BASE",NULL,NULL,NULL,santa_barbara.jpg
905,502667,"SANTA BARBARA","VANDENBERG AIR FORCE BASE",NULL,NULL,NULL,santa_barbara.jpg
906,502668,"SANTA BARBARA","VANDENBERG AIR FORCE BASE",NULL,NULL,NULL,santa_barbara.jpg
1525,507284,"LOS ANGELES","LOS ANGELES BASIN",NULL,"Pictorial coverage. Imagery stored at Annex 2",NULL,los_angeles.jpg
908,502666,VENTURA,"CHANNEL ISLANDS",P,"Oblique view of San Nicolas Island. No scale information available.",NULL,ventura.jpg
910,502107,VENTURA,"CHANNEL ISLANDS",NULL,"Anacapa Island Only",NULL,ventura.jpg
911,502110,VENTURA,"CHANNEL ISLANDS",NULL,"San Nicolas Island only",NULL,ventura.jpg
912,502667,VENTURA,"CHANNEL ISLANDS",NULL,NULL,NULL,ventura.jpg
913,502270,VENTURA,"CHANNEL ISLANDS",NULL,NULL,NULL,ventura.jpg
914,502668,VENTURA,"CHANNEL ISLANDS",NULL,NULL,NULL,ventura.jpg
915,502398,VENTURA,"COASTAL VENTURA/OXNARD PLAIN",P,"Partial Coverage",NULL,ventura.jpg
916,502449,VENTURA,"COASTAL VENTURA/OXNARD PLAIN",P,"Ventura to Oxnard",NULL,ventura.jpg
918,502459,VENTURA,"COASTAL VENTURA/OXNARD PLAIN",P,NULL,NULL,ventura.jpg
919,502582,VENTURA,"COASTAL VENTURA/OXNARD PLAIN",P,NULL,NULL,ventura.jpg
923,502363,VENTURA,"COASTAL VENTURA/OXNARD PLAIN",P,NULL,NULL,ventura.jpg
930,503020,VENTURA,"COASTAL VENTURA/OXNARD PLAIN",P,NULL,NULL,ventura.jpg
932,502364,VENTURA,"COASTAL VENTURA/OXNARD PLAIN",P,"Ventura, Oxnard and Port Hueneme",NULL,ventura.jpg
940,502642,VENTURA,"COASTAL VENTURA/OXNARD PLAIN",P,NULL,NULL,ventura.jpg
946,502335,VENTURA,"COASTAL VENTURA/OXNARD PLAIN",P,"Pictorial Coverage",NULL,ventura.jpg
948,503153,VENTURA,"COASTAL VENTURA/OXNARD PLAIN",P,NULL,NULL,ventura.jpg
952,502810,VENTURA,"COASTAL VENTURA/OXNARD PLAIN",NULL,"Partial Coverage",NULL,ventura.jpg
960,502667,VENTURA,"COASTAL VENTURA/OXNARD PLAIN",NULL,NULL,NULL,ventura.jpg
963,502668,VENTURA,"COASTAL VENTURA/OXNARD PLAIN",NULL,NULL,NULL,ventura.jpg
966,502446,VENTURA,"LAKE CASITAS/OJAI VALLEY",P,"Partial Coverage",NULL,ventura.jpg
967,502459,VENTURA,"LAKE CASITAS/OJAI VALLEY",P,NULL,NULL,ventura.jpg
968,502582,VENTURA,"LAKE CASITAS/OJAI VALLEY",P,NULL,NULL,ventura.jpg
970,502363,VENTURA,"LAKE CASITAS/OJAI VALLEY",P,NULL,NULL,ventura.jpg
974,502626,VENTURA,"LAKE CASITAS/OJAI VALLEY",P,"Casitas Springs to Wheeler Springs",NULL,ventura.jpg
977,502364,VENTURA,"LAKE CASITAS/OJAI VALLEY",P,NULL,NULL,ventura.jpg
984,502644,VENTURA,"LAKE CASITAS/OJAI VALLEY",P,"Partial Coverage",NULL,ventura.jpg
986,502335,VENTURA,"LAKE CASITAS/OJAI VALLEY",P,"Pictorial Coverage",NULL,ventura.jpg
987,502801,VENTURA,"LAKE CASITAS/OJAI VALLEY",P,NULL,NULL,ventura.jpg
1500,504626,VENTURA,"COASTAL VENTURA/OXNARD PLAIN",NULL,"Coastal Area Only",NULL,ventura.jpg
992,502678,VENTURA,"LAKE CASITAS/OJAI VALLEY",NULL,NULL,NULL,ventura.jpg
998,502809,VENTURA,"LAKE CASITAS/OJAI VALLEY",P,"Partial Coverage",NULL,ventura.jpg
999,502667,VENTURA,"LAKE CASITAS/OJAI VALLEY",NULL,NULL,NULL,ventura.jpg
1002,502668,VENTURA,"LAKE CASITAS/OJAI VALLEY",NULL,NULL,NULL,ventura.jpg
1005,502454,VENTURA,"LOS PADRES NATIONAL FOREST",P,"Sespe to Piru",NULL,ventura.jpg
1006,502561,VENTURA,"LOS PADRES NATIONAL FOREST",P,NULL,NULL,ventura.jpg
1009,502575,VENTURA,"LOS PADRES NATIONAL FOREST",P,NULL,NULL,ventura.jpg
1011,502801,VENTURA,"LOS PADRES NATIONAL FOREST",P,NULL,NULL,ventura.jpg
1014,502810,VENTURA,"LOS PADRES NATIONAL FOREST",NULL,"Partial Coverage",NULL,ventura.jpg
1017,502809,VENTURA,"LOS PADRES NATIONAL FOREST",P,NULL,NULL,ventura.jpg
1018,502667,VENTURA,"LOS PADRES NATIONAL FOREST",NULL,NULL,NULL,ventura.jpg
1019,502668,VENTURA,"LOS PADRES NATIONAL FOREST",NULL,NULL,NULL,ventura.jpg
1020,502450,VENTURA,"MOORPARK/SIMI VALLEY & VICINITY",NULL,"Partial holdings. See index sheets ""AXI"".",NULL,ventura.jpg
1021,502459,VENTURA,"MOORPARK/SIMI VALLEY & VICINITY",P,NULL,NULL,ventura.jpg
1022,502582,VENTURA,"MOORPARK/SIMI VALLEY & VICINITY",P,NULL,NULL,ventura.jpg
1024,502363,VENTURA,"MOORPARK/SIMI VALLEY & VICINITY",P,NULL,NULL,ventura.jpg
1026,502429,VENTURA,"MOORPARK/SIMI VALLEY & VICINITY",NULL,NULL,NULL,ventura.jpg
1027,503014,VENTURA,"MOORPARK/SIMI VALLEY & VICINITY",P,NULL,NULL,ventura.jpg
1030,503040,VENTURA,"MOORPARK/SIMI VALLEY & VICINITY",P,NULL,NULL,ventura.jpg
1034,503115,VENTURA,"MOORPARK/SIMI VALLEY & VICINITY",P,NULL,NULL,ventura.jpg
1035,502642,VENTURA,"MOORPARK/SIMI VALLEY & VICINITY",P,NULL,NULL,ventura.jpg
1037,502335,VENTURA,"MOORPARK/SIMI VALLEY & VICINITY",P,"Pictorial Coverage",NULL,ventura.jpg
1038,503153,VENTURA,"MOORPARK/SIMI VALLEY & VICINITY",P,NULL,NULL,ventura.jpg
1049,502667,VENTURA,"MOORPARK/SIMI VALLEY & VICINITY",NULL,NULL,NULL,ventura.jpg
1053,502281,VENTURA,"MOORPARK/SIMI VALLEY & VICINITY",NULL,"Partial Coverage",NULL,ventura.jpg
1055,502668,VENTURA,"MOORPARK/SIMI VALLEY & VICINITY",NULL,NULL,NULL,ventura.jpg
1058,502398,VENTURA,"SANTA CLARA RIVER VALLEY",P,"Partial Coverage",NULL,ventura.jpg
1059,502443,VENTURA,"SANTA CLARA RIVER VALLEY",P,"Vicinity of Fillmore",NULL,ventura.jpg
1060,502453,VENTURA,"SANTA CLARA RIVER VALLEY",P,"Partial Coverage. Not all photographs held in collection.",NULL,ventura.jpg
1062,502459,VENTURA,"SANTA CLARA RIVER VALLEY",P,NULL,NULL,ventura.jpg
1063,502582,VENTURA,"SANTA CLARA RIVER VALLEY",P,NULL,NULL,ventura.jpg
1065,502423,VENTURA,"SANTA CLARA RIVER VALLEY",NULL,"Santa Paula to Saticoy",NULL,ventura.jpg
1067,502363,VENTURA,"SANTA CLARA RIVER VALLEY",P,NULL,NULL,ventura.jpg
1072,503019,VENTURA,"SANTA CLARA RIVER VALLEY",P,NULL,NULL,ventura.jpg
1080,503094,VENTURA,"SANTA CLARA RIVER VALLEY",P,"Pictorial Coverage",NULL,ventura.jpg
1083,502642,VENTURA,"SANTA CLARA RIVER VALLEY",P,NULL,NULL,ventura.jpg
1086,502335,VENTURA,"SANTA CLARA RIVER VALLEY",P,"Pictorial Coverage",NULL,ventura.jpg
1088,502801,VENTURA,"SANTA CLARA RIVER VALLEY",P,"Partial Coverage",NULL,ventura.jpg
1100,502667,VENTURA,"SANTA CLARA RIVER VALLEY",NULL,NULL,NULL,ventura.jpg
1104,502281,VENTURA,"SANTA CLARA RIVER VALLEY",NULL,"Partial Coverage",NULL,ventura.jpg
1106,502668,VENTURA,"SANTA CLARA RIVER VALLEY",NULL,NULL,NULL,ventura.jpg
1499,502424,VENTURA,"MOORPARK/SIMI VALLEY & VICINITY",NULL,"Partial Coverage. See index sheet 1.",NULL,ventura.jpg
1109,502459,VENTURA,"CONEJO VALLEY",P,NULL,NULL,ventura.jpg
1110,502582,VENTURA,"CONEJO VALLEY",P,NULL,NULL,ventura.jpg
1112,502363,VENTURA,"CONEJO VALLEY",P,NULL,NULL,ventura.jpg
1113,503012,VENTURA,"CONEJO VALLEY",P,NULL,NULL,ventura.jpg
1119,502364,VENTURA,"CONEJO VALLEY",P,"Thousand Oaks and Newbury Park",NULL,ventura.jpg
1122,502642,VENTURA,"CONEJO VALLEY",P,NULL,NULL,ventura.jpg
1503,506962,"SAN DIEGO","SAN DIEGO & VICINITY",NULL,NULL,NULL,san_diego.jpg
1126,503153,VENTURA,"CONEJO VALLEY",P,"See index sheet 8",NULL,ventura.jpg
1130,502810,VENTURA,"CONEJO VALLEY",NULL,NULL,NULL,ventura.jpg
1138,502667,VENTURA,"CONEJO VALLEY",NULL,NULL,NULL,ventura.jpg
1140,502282,VENTURA,"CONEJO VALLEY",NULL,"Partial Coverage",NULL,ventura.jpg
1142,502668,VENTURA,"CONEJO VALLEY",NULL,NULL,NULL,ventura.jpg
1145,503406,VENTURA,"COASTAL VENTURA/OXNARD PLAIN",P,"Partial Coverage",NULL,ventura.jpg
1146,503406,VENTURA,"SANTA CLARA RIVER VALLEY",P,NULL,NULL,ventura.jpg
1147,503406,VENTURA,"CONEJO VALLEY",P,"Partial Coverage",NULL,ventura.jpg
1148,503407,"SAN LUIS OBISPO","SHANDON & VICINITY",P,NULL,NULL,san_luis_obispo.jpg
1149,503407,"SAN LUIS OBISPO","CARRIZO PLAIN & VICINITY",P,"Partial Coverage",NULL,san_luis_obispo.jpg
1150,503407,"SAN LUIS OBISPO","LOS PADRES NATIONAL FOREST",P,"Partial Coverage",NULL,san_luis_obispo.jpg
1151,503408,"SAN LUIS OBISPO","SOUTH COUNTY",P,NULL,NULL,san_luis_obispo.jpg
1152,503408,"SAN LUIS OBISPO","SAN LUIS OBISPO",P,"Partial Coverage",NULL,san_luis_obispo.jpg
1154,503409,"SAN LUIS OBISPO","SAN LUIS OBISPO",P,NULL,NULL,san_luis_obispo.jpg
1155,503409,"SAN LUIS OBISPO","ATASCADERO & VICINITY",P,NULL,NULL,san_luis_obispo.jpg
1156,503409,"SAN LUIS OBISPO","PASO ROBLES",P,NULL,NULL,san_luis_obispo.jpg
1157,503409,"SAN LUIS OBISPO","MORRO BAY & VICINITY",P,NULL,NULL,san_luis_obispo.jpg
1159,503409,"SAN LUIS OBISPO","NORTH COAST",P,NULL,NULL,san_luis_obispo.jpg
1160,503483,"LOS ANGELES","SANTA CLARITA VALLEY",P,NULL,NULL,los_angeles.jpg
1161,503565,"SAN BERNARDINO","SAN BERNARDINO VALLEY AREA",NULL,NULL,NULL,san_bernardino.jpg
1162,503604,RIVERSIDE,"RIVERSIDE/CORONA METROPOLITAN AREAS",NULL,NULL,NULL,riverside.jpg
1163,503727,KERN,"WEST COUNTY",NULL,"Pictorial Coverage",NULL,kern.jpg
1164,503727,KERN,"BAKERSFIELD & VICINITY",NULL,"Pictorial Coverage",NULL,kern.jpg
1165,503727,"LOS ANGELES","CHANNEL ISLANDS",NULL,"Pictorial Coverage",NULL,los_angeles.jpg
1166,503727,"LOS ANGELES","SAN FERNANDO VALLEY",NULL,"Pictorial Coverage",NULL,los_angeles.jpg
1167,503727,"LOS ANGELES","LOS ANGELES BASIN",NULL,"Pictorial Coverage",NULL,los_angeles.jpg
1168,503727,"LOS ANGELES","NORTH COUNTY",NULL,"Pictorial Coverage",NULL,los_angeles.jpg
1169,503727,"LOS ANGELES","SANTA CLARITA VALLEY",NULL,"Pictorial Coverage",NULL,los_angeles.jpg
1170,503727,ORANGE,"ORANGE COUNTY",NULL,"Pictorial Coverage",NULL,
1171,503727,RIVERSIDE,"RIVERSIDE/CORONA METROPOLITAN AREAS",NULL,"Pictorial Coverage",NULL,riverside.jpg
1172,503727,"SAN BERNARDINO","SAN BERNARDINO VALLEY AREA",NULL,"Pictorial Coverage",NULL,san_bernardino.jpg
1173,503727,"SAN DIEGO","CAMP PENDLETON",NULL,"Pictorial Coverage",NULL,san_diego.jpg
1174,503727,"SAN DIEGO","CENTRAL COAST",NULL,"Pictorial Coverage",NULL,san_diego.jpg
1175,503727,"SAN DIEGO","ESCONDIDO & VICINITY",NULL,"Pictorial Coverage",NULL,san_diego.jpg
1176,503727,"SAN DIEGO","SAN DIEGO & VICINITY",NULL,"Pictorial Coverage",NULL,san_diego.jpg
1177,503727,"SAN LUIS OBISPO","SOUTH COUNTY",NULL,NULL,NULL,san_luis_obispo.jpg
1178,503727,"SAN LUIS OBISPO","ATASCADERO & VICINITY",NULL,NULL,NULL,san_luis_obispo.jpg
1179,503727,"SAN LUIS OBISPO","CARRIZO PLAIN & VICINITY",NULL,"Partial coverage",NULL,san_luis_obispo.jpg
1181,503727,"SAN LUIS OBISPO","LOS PADRES NATIONAL FOREST",NULL,NULL,NULL,san_luis_obispo.jpg
1182,503727,"SAN LUIS OBISPO","MORRO BAY & VICINITY",NULL,NULL,NULL,san_luis_obispo.jpg
1183,503727,"SAN LUIS OBISPO","NORTH COAST",NULL,NULL,NULL,san_luis_obispo.jpg
1184,503727,"SAN LUIS OBISPO","PASO ROBLES",NULL,NULL,NULL,san_luis_obispo.jpg
1185,503727,"SAN LUIS OBISPO","SAN LUIS OBISPO",NULL,NULL,NULL,san_luis_obispo.jpg
1186,503727,"SAN LUIS OBISPO","SHANDON & VICINITY",NULL,NULL,NULL,san_luis_obispo.jpg
1187,503727,"SANTA BARBARA","CARPINTERIA VALLEY",NULL,NULL,NULL,santa_barbara.jpg
1188,503727,"SANTA BARBARA","CHANNEL ISLANDS",NULL,NULL,NULL,santa_barbara.jpg
1189,503727,"SANTA BARBARA","CUYAMA VALLEY",NULL,NULL,NULL,santa_barbara.jpg
1190,503727,"SANTA BARBARA","GAVIOTA/POINT CONCEPTION",NULL,NULL,NULL,santa_barbara.jpg
1191,503727,"SANTA BARBARA","GOLETA VALLEY",NULL,NULL,NULL,santa_barbara.jpg
1192,503727,"SANTA BARBARA","LOMPOC VALLEY",NULL,NULL,NULL,santa_barbara.jpg
1193,503727,"SANTA BARBARA","LOS PADRES NATIONAL FOREST",NULL,NULL,NULL,santa_barbara.jpg
1194,503727,"SANTA BARBARA","SANTA BARBARA/MONTECITO",NULL,NULL,NULL,santa_barbara.jpg
1195,503727,"SANTA BARBARA","SANTA MARIA VALLEY",NULL,NULL,NULL,santa_barbara.jpg
1196,503727,"SANTA BARBARA","SANTA YNEZ VALLEY",NULL,NULL,NULL,santa_barbara.jpg
1197,503727,"SANTA BARBARA","VANDENBERG AIR FORCE BASE",NULL,NULL,NULL,santa_barbara.jpg
1198,503727,VENTURA,"CHANNEL ISLANDS",NULL,NULL,NULL,ventura.jpg
1199,503727,VENTURA,"COASTAL VENTURA/OXNARD PLAIN",NULL,NULL,NULL,ventura.jpg
1200,503727,VENTURA,"LAKE CASITAS/OJAI VALLEY",NULL,NULL,NULL,ventura.jpg
1201,503727,VENTURA,"LOS PADRES NATIONAL FOREST",NULL,NULL,NULL,ventura.jpg
1202,503727,VENTURA,"MOORPARK/SIMI VALLEY & VICINITY",NULL,NULL,NULL,ventura.jpg
1203,503727,VENTURA,"SANTA CLARA RIVER VALLEY",NULL,NULL,NULL,ventura.jpg
1204,503727,VENTURA,"CONEJO VALLEY",NULL,NULL,NULL,ventura.jpg
1206,503703,ORANGE,"ORANGE COUNTY",NULL,"Pictorial Coverage",NULL,
1207,503704,ORANGE,"ORANGE COUNTY",NULL,"Pictorial Coverage",NULL,
1507,502406,"SAN BERNARDINO","SAN BERNARDINO VALLEY AREA",NULL,"Rancho Cucamonga to Chino ",NULL,san_bernardino.jpg
1215,503751,"SAN BERNARDINO","SAN BERNARDINO VALLEY AREA",NULL,"Pictorial Coverage",NULL,san_bernardino.jpg
1217,503753,"SAN BERNARDINO","SAN BERNARDINO VALLEY AREA",NULL,"Pictorial Coverage",NULL,san_bernardino.jpg
1220,503756,"SAN BERNARDINO","SAN BERNARDINO VALLEY AREA",NULL,"Ontario to Redlands. Pictorial coverage.",NULL,san_bernardino.jpg
1222,503768,"SAN DIEGO","CAMP PENDLETON",NULL,"Pictorial Coverage",NULL,san_diego.jpg
1226,503772,"SAN DIEGO","CENTRAL COAST",NULL,"Partial coverage. Pictorial coverage",NULL,san_diego.jpg
1230,503773,"SAN DIEGO","CENTRAL COAST",NULL,"Pictorial Coverage",NULL,san_diego.jpg
1231,503766,"SAN DIEGO","ESCONDIDO & VICINITY",NULL,"Pictorial Coverage",NULL,san_diego.jpg
1232,503773,"SAN DIEGO","ESCONDIDO & VICINITY",NULL,"Pictorial Coverage",NULL,san_diego.jpg
1235,503770,"SAN DIEGO","ESCONDIDO & VICINITY",NULL,"Pictorial Coverage",NULL,san_diego.jpg
1236,503772,"SAN DIEGO","ESCONDIDO & VICINITY",NULL,"Pictorial Coverage",NULL,san_diego.jpg
1237,503765,"SAN DIEGO","SAN DIEGO & VICINITY",NULL,"Partial coverage. Pictorial coverage",NULL,san_diego.jpg
1238,503766,"SAN DIEGO","SAN DIEGO & VICINITY",NULL,"Pictorial Coverage",NULL,san_diego.jpg
1241,503770,"SAN DIEGO","SAN DIEGO & VICINITY",NULL,"Pictorial Coverage",NULL,san_diego.jpg
1242,503772,"SAN DIEGO","SAN DIEGO & VICINITY",NULL,"Pictorial Coverage",NULL,san_diego.jpg
1243,503773,"SAN DIEGO","SAN DIEGO & VICINITY",NULL,"Pictorial Coverage",NULL,san_diego.jpg
1246,503777,VENTURA,"MOORPARK/SIMI VALLEY & VICINITY",NULL,"Pictorial Coverage",NULL,ventura.jpg
1249,503779,VENTURA,"CONEJO VALLEY",NULL,"Pictorial Coverage",NULL,ventura.jpg
1250,503759,"SAN BERNARDINO","SAN BERNARDINO VALLEY AREA",NULL,"Ontario to San Bernardino. Pictorial coverage",NULL,san_bernardino.jpg
1256,503709,RIVERSIDE,"RIVERSIDE/CORONA METROPOLITAN AREAS",NULL,"Pictorial Coverage",NULL,riverside.jpg
1512,506965,KERN,"BAKERSFIELD & VICINITY",NULL,"See index sheets Taft and Tehachapi",NULL,kern.jpg
1258,503715,RIVERSIDE,"RIVERSIDE/CORONA METROPOLITAN AREAS",NULL,"Pictorial Coverage",NULL,riverside.jpg
1511,506962,KERN,"BAKERSFIELD & VICINITY",NULL,"See index sheets Taft and Tehachapi",NULL,kern.jpg
1508,506962,"SAN BERNARDINO","SAN BERNARDINO VALLEY AREA",NULL,"San Bernardino to Redlands",NULL,san_bernardino.jpg
1262,503793,"LOS ANGELES","LOS ANGELES BASIN",NULL,"Coastal Area and Santa Monica Mountains",NULL,los_angeles.jpg
1263,503793,ORANGE,"ORANGE COUNTY",NULL,"Coastal Area Only",NULL,
1264,503793,"SAN DIEGO","CAMP PENDLETON",NULL,"Coastal Area Only",NULL,san_diego.jpg
1265,503793,"SAN DIEGO","CENTRAL COAST",NULL,"Coastal Area Only",NULL,san_diego.jpg
1266,503793,"SAN DIEGO","SAN DIEGO & VICINITY",NULL,"Coastal Area Only",NULL,san_diego.jpg
1267,503793,"SAN LUIS OBISPO","SOUTH COUNTY",NULL,"Coastal Area Only",NULL,san_luis_obispo.jpg
1268,503793,"SAN LUIS OBISPO","MORRO BAY & VICINITY",NULL,NULL,NULL,san_luis_obispo.jpg
1269,503793,"SAN LUIS OBISPO","NORTH COAST",NULL,"Coastal Area Only",NULL,san_luis_obispo.jpg
1270,503793,"SANTA BARBARA","CARPINTERIA VALLEY",NULL,"Coastal Area Only",NULL,santa_barbara.jpg
1271,503793,"SANTA BARBARA","GAVIOTA/POINT CONCEPTION",NULL,"Coastal Area Only",NULL,santa_barbara.jpg
1272,503793,"SANTA BARBARA","GOLETA VALLEY",NULL,"Coastal Area Only",NULL,santa_barbara.jpg
1273,503793,"SANTA BARBARA","SANTA BARBARA/MONTECITO",NULL,"Coastal Area Only",NULL,santa_barbara.jpg
1274,503793,"SANTA BARBARA","VANDENBERG AIR FORCE BASE",NULL,"Coastal Area Only",NULL,santa_barbara.jpg
1275,503793,VENTURA,"COASTAL VENTURA/OXNARD PLAIN",NULL,"Coastal Area Only",NULL,ventura.jpg
1306,503793,VENTURA,"CONEJO VALLEY",NULL,"Vicnity of Thousand Oaks",NULL,ventura.jpg
1277,502618,"SANTA BARBARA","CARPINTERIA VALLEY",P,NULL,NULL,santa_barbara.jpg
1278,503563,"LOS ANGELES","SAN FERNANDO VALLEY",NULL,NULL,NULL,los_angeles.jpg
1279,503563,"LOS ANGELES","LOS ANGELES BASIN",NULL,"Partial Coverage",NULL,los_angeles.jpg
1280,503801,"LOS ANGELES","SANTA CLARITA VALLEY",NULL,"Pictorial Coverage",NULL,los_angeles.jpg
1281,503564,ORANGE,"ORANGE COUNTY",NULL,NULL,NULL,
1283,503626,"LOS ANGELES","NORTH COUNTY",NULL,"Pictorial Coverage",NULL,los_angeles.jpg
1284,504640,"SANTA BARBARA","VANDENBERG AIR FORCE BASE",NULL,NULL,NULL,santa_barbara.jpg
1301,502362,VENTURA,"CHANNEL ISLANDS",P,"San Nicholas and Anacapa Islands only",NULL,ventura.jpg
1302,502362,VENTURA,"LOS PADRES NATIONAL FOREST",P,NULL,NULL,ventura.jpg
1303,502362,VENTURA,"MOORPARK/SIMI VALLEY & VICINITY",P,NULL,NULL,ventura.jpg
1304,502362,VENTURA,"SANTA CLARA RIVER VALLEY",P,NULL,NULL,ventura.jpg
1305,502362,VENTURA,"CONEJO VALLEY",P,NULL,NULL,ventura.jpg
1307,504147,RIVERSIDE,"RIVERSIDE/CORONA METROPOLITAN AREAS",P,NULL,NULL,riverside.jpg
1309,504049,"SAN DIEGO","ESCONDIDO & VICINITY",P,NULL,NULL,san_diego.jpg
1519,507216,KERN,"WEST COUNTY",P,"Taft to McKittrick",NULL,kern.jpg
1536,507721,KERN,"BAKERSFIELD & VICINITY",P,"This flight was previously cataloged as Friant-Kern-Canal",NULL,kern.jpg
1537,507721,KERN,"WEST COUNTY",P,"McFarland to Taft. This flight was previously cataloged as Frian-Kern-Canal",NULL,kern.jpg
1534,507409,VENTURA,"MOORPARK/SIMI VALLEY & VICINITY",NULL,"Pictorial coverage. Imagery stored at Annex 2",NULL,ventura.jpg
1533,507409,VENTURA,"COASTAL VENTURA/OXNARD PLAIN",NULL,"Pictorial coverage. Imagery stored at Annex 2",NULL,ventura.jpg
1532,507407,VENTURA,"LAKE CASITAS/OJAI VALLEY",NULL,"Pictorial coverage. Imagery stored at Annex 2",NULL,ventura.jpg
1531,507407,VENTURA,"SANTA CLARA RIVER VALLEY",NULL,"Pictorial coverage. Imagery stored at Annex 2",NULL,ventura.jpg
1522,507421,"SANTA BARBARA","CHANNEL ISLANDS",P,NULL,NULL,santa_barbara.jpg
1523,507422,"SANTA BARBARA","CHANNEL ISLANDS",P,NULL,NULL,santa_barbara.jpg
1530,507288,"SAN BERNARDINO","SAN BERNARDINO VALLEY AREA",NULL,"Pictorial coverage. Imagery stored at Annex 2",NULL,san_bernardino.jpg
1513,507190,"SANTA BARBARA","LOS PADRES NATIONAL FOREST",P,"Partial Coverage",NULL,santa_barbara.jpg
1524,507419,VENTURA,"CHANNEL ISLANDS",P,NULL,NULL,ventura.jpg
1320,505756,"SANTA BARBARA","CARPINTERIA VALLEY",P,"Summerland to Rincon Creek",NULL,santa_barbara.jpg
1324,503876,"SAN JOAQUIN","CENTRAL VALLEY",P,"West half of County",NULL,
1325,502491,"SAN JOAQUIN","CENTRAL VALLEY",P,"Stockton and vicinity",NULL,NULL
1326,502473,"SAN JOAQUIN","CENTRAL VALLEY",P,"Stockton and vicinity",NULL,NULL
1327,502667,"SAN JOAQUIN","CENTRAL VALLEY",NULL,NULL,NULL,
1328,502668,"SAN JOAQUIN","CENTRAL VALLEY",NULL,NULL,NULL,
1329,503727,"SAN JOAQUIN","CENTRAL VALLEY",NULL,NULL,NULL,
1467,506961,"LOS ANGELES","LOS ANGELES BASIN",P,NULL,NULL,los_angeles.jpg
1331,504260,"SAN JOAQUIN","CENTRAL VALLEY",P,"Stockton, Lodi and vicinity",NULL,
1332,504618,SACRAMENTO,"CENTRAL VALLEY",NULL,NULL,NULL,
1334,502668,SACRAMENTO,"CENTRAL VALLEY",NULL,NULL,NULL,
1336,502667,SACRAMENTO,"CENTRAL VALLEY",NULL,NULL,NULL,
1339,502508,SACRAMENTO,"CENTRAL VALLEY",P,NULL,NULL,NULL
1338,502507,SACRAMENTO,"CENTRAL VALLEY",P,NULL,NULL,NULL
1340,502500,SACRAMENTO,"CENTRAL VALLEY",P,NULL,NULL,NULL
1341,502493,SACRAMENTO,"CENTRAL VALLEY",P,NULL,NULL,NULL
1342,502482,SACRAMENTO,"CENTRAL VALLEY",P,NULL,NULL,NULL
1343,502478,SACRAMENTO,"CENTRAL VALLEY",P,NULL,NULL,NULL
1344,502466,SACRAMENTO,"CENTRAL VALLEY",P,NULL,NULL,NULL
1345,502526,SACRAMENTO,"CENTRAL VALLEY",P,"Northwest part of county",NULL,NULL
1346,502525,SACRAMENTO,"CENTRAL VALLEY",P,NULL,NULL,NULL
1347,502721,SACRAMENTO,"CENTRAL VALLEY",NULL,NULL,NULL,NULL
1348,502305,SACRAMENTO,"CENTRAL VALLEY",P,NULL,NULL,NULL
1468,506961,"LOS ANGELES","SAN FERNANDO VALLEY",P,NULL,NULL,los_angeles.jpg
1350,503727,SONOMA,"SONOMA COUNTY",NULL,NULL,NULL,
1351,502668,SONOMA,"SONOMA COUNTY",NULL,NULL,NULL,
1353,504435,SONOMA,"SONOMA COUNTY",NULL,"Santa Rosa wetlands ",NULL,
1354,504432,SONOMA,"SONOMA COUNTY",NULL,"Southwest area of county",NULL,
1355,502667,SONOMA,"SONOMA COUNTY",NULL,NULL,NULL,
1356,502047,SONOMA,"SONOMA COUNTY",NULL,"Partial Coverage",NULL,
1357,502502,SONOMA,"SONOMA COUNTY",P,NULL,NULL,NULL
1358,502465,SONOMA,"SONOMA COUNTY",P,NULL,NULL,NULL
1359,502550,SONOMA,"SONOMA COUNTY",P,NULL,NULL,NULL
1361,503727,SOLANO,"SOLANO COUNTY",NULL,NULL,NULL,
1362,502668,SOLANO,"SOLANO COUNTY",NULL,NULL,NULL,
1363,502667,SOLANO,"SOLANO COUNTY",NULL,NULL,NULL,
1364,502606,SOLANO,"SOLANO COUNTY",P,"Partial Coverage",NULL,NULL
1365,506511,SOLANO,"SOLANO COUNTY",NULL,"Partial Coverage",NULL,
1366,502471,SOLANO,"SOLANO COUNTY",P,NULL,NULL,NULL
1367,502533,SOLANO,"SOLANO COUNTY",P,NULL,NULL,NULL
1368,502502,SOLANO,"SOLANO COUNTY",P,NULL,NULL,NULL
1369,502502,"SANTA CLARA","SANTA CLARA COUNTY",P,NULL,NULL,NULL
1370,502331,SOLANO,"SOLANO COUNTY",P,NULL,NULL,NULL
1371,502330,SOLANO,"SOLANO COUNTY",NULL,NULL,NULL,
1373,503727,"SANTA CLARA","SANTA CLARA COUNTY",NULL,NULL,NULL,
1374,502668,"SANTA CLARA","SANTA CLARA COUNTY",NULL,NULL,NULL,
1375,502667,"SANTA CLARA","SANTA CLARA COUNTY",NULL,NULL,NULL,
1376,502603,"SANTA CLARA","SANTA CLARA COUNTY",NULL,"Partial Coverage",NULL,
1377,502467,"SANTA CLARA","SANTA CLARA COUNTY",P,"Partial Coverage",NULL,NULL
1378,502527,"SANTA CLARA","SANTA CLARA COUNTY",P,NULL,NULL,NULL
1379,502465,"SANTA CLARA","SANTA CLARA COUNTY",P,"Partial Coverage",NULL,NULL
1380,502546,"SANTA CLARA","SANTA CLARA COUNTY",P,NULL,NULL,NULL
1381,502541,"SANTA CLARA","SANTA CLARA COUNTY",P,"West half of county",NULL,NULL
1382,502544,"SANTA CLARA","SANTA CLARA COUNTY",P,"East half of county",NULL,NULL
1383,502450,"SANTA CLARA","SANTA CLARA COUNTY",P,"Partial Coverage",NULL,NULL
1385,503727,"SAN MATEO","SAN MATEO COUNTY",NULL,NULL,NULL,
1386,502668,"SAN MATEO","SAN MATEO COUNTY",NULL,NULL,NULL,
1387,502667,"SAN MATEO","SAN MATEO COUNTY",NULL,NULL,NULL,
1388,502184,"SAN MATEO","SAN MATEO COUNTY",NULL,"Partial Coverage",NULL,
1389,502502,"SAN MATEO","SAN MATEO COUNTY",P,NULL,NULL,NULL
1390,502531,"SAN MATEO","SAN MATEO COUNTY",P,NULL,NULL,NULL
1391,503037,"SAN MATEO","SAN MATEO COUNTY",NULL,"North half of county",NULL,
1392,502563,"SAN MATEO","SAN MATEO COUNTY",P,NULL,NULL,NULL
1393,502562,"SAN MATEO","SAN MATEO COUNTY",P,NULL,NULL,NULL
1394,503002,"SAN MATEO","SAN MATEO COUNTY",NULL,"North half of county",NULL,
1395,503793,"SAN FRANCISCO","SAN FRANCISCO COUNTY",NULL,"Coastal Area Only",NULL,
1397,503727,"SAN FRANCISCO","SAN FRANCISCO COUNTY",NULL,NULL,NULL,
1398,502668,"SAN FRANCISCO","SAN FRANCISCO COUNTY",NULL,NULL,NULL,
1399,502667,"SAN FRANCISCO","SAN FRANCISCO COUNTY",NULL,NULL,NULL,
1400,502184,"SAN FRANCISCO","SAN FRANCISCO COUNTY",NULL,NULL,NULL,
1401,502106,"SAN FRANCISCO","SAN FRANCISCO COUNTY",NULL,"Partial Coverage",NULL,
1402,502502,"SAN FRANCISCO","SAN FRANCISCO COUNTY",P,NULL,NULL,NULL
1403,502530,"SAN FRANCISCO","SAN FRANCISCO COUNTY",P,NULL,NULL,NULL
1404,503037,"SAN FRANCISCO","SAN FRANCISCO COUNTY",NULL,NULL,NULL,
1405,503002,"SAN FRANCISCO","SAN FRANCISCO COUNTY",NULL,NULL,NULL,
1407,503727,NAPA,NULL,NULL,NULL,NULL,napa.jpg
1408,502668,NAPA,NULL,NULL,NULL,NULL,napa.jpg
1409,502667,NAPA,NULL,NULL,NULL,NULL,napa.jpg
1410,506511,NAPA,NULL,NULL,"Partial Coverage",NULL,napa.jpg
1411,502502,NAPA,"NAPA COUNTY",P,NULL,NULL,napa.jpg
1412,502552,NAPA,NULL,NULL,NULL,NULL,napa.jpg
1414,503727,ALAMEDA,"ALAMEDA COUNTY",NULL,NULL,NULL,
1415,502668,ALAMEDA,"ALAMEDA COUNTY",NULL,NULL,NULL,
1416,502667,ALAMEDA,"ALAMEDA COUNTY",NULL,NULL,NULL,
1417,504417,ALAMEDA,"ALAMEDA COUNTY",NULL,"Partial Coverage",NULL,
1418,502603,ALAMEDA,"ALAMEDA COUNTY",NULL,NULL,NULL,
1419,502058,ALAMEDA,"ALAMEDA COUNTY",NULL,"Partial Coverage",NULL,
1420,502502,ALAMEDA,"ALAMEDA COUNTY",P,NULL,NULL,NULL
1421,502386,ALAMEDA,"ALAMEDA COUNTY",P,NULL,NULL,NULL
1422,503002,ALAMEDA,"ALAMEDA COUNTY",NULL,"West half of county",NULL,
1423,502450,ALAMEDA,"ALAMEDA COUNTY",P,"West half of county",NULL,NULL
1425,503727,"CONTRA COSTA","CONTRA COSTA COUNTY",NULL,NULL,NULL,
1426,502668,"CONTRA COSTA","CONTRA COSTA COUNTY",NULL,NULL,NULL,
1427,502667,"CONTRA COSTA","CONTRA COSTA COUNTY",NULL,NULL,NULL,
1428,506511,"CONTRA COSTA","CONTRA COSTA COUNTY",NULL,"Partial Coverage",NULL,
1429,504417,"CONTRA COSTA","CONTRA COSTA COUNTY",NULL,NULL,NULL,
1430,502603,"CONTRA COSTA","CONTRA COSTA COUNTY",NULL,"Partial Coverage",NULL,
1431,503972,"CONTRA COSTA","CONTRA COSTA COUNTY",NULL,"Partial Coverage",NULL,
1432,502502,"CONTRA COSTA","CONTRA COSTA COUNTY",P,NULL,NULL,NULL
1433,502387,"CONTRA COSTA","CONTRA COSTA COUNTY",P,NULL,NULL,NULL
1434,502465,"CONTRA COSTA","CONTRA COSTA COUNTY",P,"Partial Coverage",NULL,NULL
1435,503002,"CONTRA COSTA","CONTRA COSTA COUNTY",NULL,"West half of county",NULL,
1436,502450,"CONTRA COSTA","CONTRA COSTA COUNTY",P,NULL,NULL,NULL
1437,503793,MARIN,"MARIN COUNTY",NULL,"Coastal Area Only",NULL,
1439,503727,MARIN,"MARIN COUNTY",NULL,NULL,NULL,
1440,502668,MARIN,"MARIN COUNTY",NULL,NULL,NULL,
1441,502667,MARIN,"MARIN COUNTY",NULL,NULL,NULL,
1442,502184,MARIN,"MARIN COUNTY",NULL,"West county only",NULL,
1443,502714,MARIN,"MARIN COUNTY",NULL,NULL,NULL,
1444,502502,MARIN,"MARIN COUNTY",P,NULL,NULL,NULL
1445,502465,MARIN,"MARIN COUNTY",P,"Partial Coverage",NULL,NULL
1446,502569,MARIN,"MARIN COUNTY",P,NULL,NULL,NULL
1447,503002,MARIN,"MARIN COUNTY",NULL,"Southeast county only",NULL,
1462,504038,ORANGE,"ORANGE COUNTY",P,NULL,NULL,NULL
1465,506953,VENTURA,NULL,NULL,"abc test","deb test still",ventura.jpg
